City,Previous Period,Current Period,% Change,Week,Song,Song ID,Grouping,Δ Plays,% Δ
All Cities,13,12,-8%,2025-03-21,Althea,1748029276,city,,
Cincinnati,0,2,-,2025-03-21,Althea,1748029276,city,-10.0,-83.33333333333334
Calgary,0,1,-,2025-03-21,Althea,1748029276,city,-1.0,-50.0
Daytona Beach,0,1,-,2025-03-21,Althea,1748029276,city,0.0,0.0
Denver,0,1,-,2025-03-21,Althea,1748029276,city,0.0,0.0
Orlando,0,1,-,2025-03-21,Althea,1748029276,city,0.0,0.0
Redding,0,1,-,2025-03-21,Althea,1748029276,city,0.0,0.0
Rome,0,1,-,2025-03-21,Althea,1748029276,city,0.0,0.0
Salt Lake City,0,1,-,2025-03-21,Althea,1748029276,city,0.0,0.0
San Diego,0,1,-,2025-03-21,Althea,1748029276,city,0.0,0.0
Wilmington,0,1,-,2025-03-21,Althea,1748029276,city,0.0,0.0
Bend,1,0,-100%,2025-03-21,Althea,1748029276,city,-1.0,-100.0
Detroit,1,0,-100%,2025-03-21,Althea,1748029276,city,0.0,
Fort Worth,1,0,-100%,2025-03-21,Althea,1748029276,city,0.0,
Los Angeles,1,0,-100%,2025-03-21,Althea,1748029276,city,0.0,
Milan,1,0,-100%,2025-03-21,Althea,1748029276,city,0.0,
New York City,1,0,-100%,2025-03-21,Althea,1748029276,city,0.0,
North Myrtle Beach,1,0,-100%,2025-03-21,Althea,1748029276,city,0.0,
Omaha,1,0,-100%,2025-03-21,Althea,1748029276,city,0.0,
Portland,3,0,-100%,2025-03-21,Althea,1748029276,city,0.0,
San Francisco,1,0,-100%,2025-03-21,Althea,1748029276,city,0.0,
Spokane,1,0,-100%,2025-03-21,Althea,1748029276,city,0.0,
All Cities,12,6,-50%,2025-03-28,Althea,1748029276,city,6.0,inf
Cincinnati,2,3,+50%,2025-03-28,Althea,1748029276,city,-3.0,-50.0
Denver,1,1,0%,2025-03-28,Althea,1748029276,city,-2.0,-66.66666666666667
Edinburgh,0,1,-,2025-03-28,Althea,1748029276,city,0.0,0.0
Milan,0,1,-,2025-03-28,Althea,1748029276,city,0.0,0.0
Calgary,1,0,-100%,2025-03-28,Althea,1748029276,city,-1.0,-100.0
Daytona Beach,1,0,-100%,2025-03-28,Althea,1748029276,city,0.0,
Orlando,1,0,-100%,2025-03-28,Althea,1748029276,city,0.0,
Redding,1,0,-100%,2025-03-28,Althea,1748029276,city,0.0,
Rome,1,0,-100%,2025-03-28,Althea,1748029276,city,0.0,
Salt Lake City,1,0,-100%,2025-03-28,Althea,1748029276,city,0.0,
San Diego,1,0,-100%,2025-03-28,Althea,1748029276,city,0.0,
Wilmington,1,0,-100%,2025-03-28,Althea,1748029276,city,0.0,
All Cities,6,7,+17%,2025-04-04,Althea,1748029276,city,7.0,inf
Austin,0,1,-,2025-04-04,Althea,1748029276,city,-6.0,-85.71428571428572
Luziânia,0,1,-,2025-04-04,Althea,1748029276,city,0.0,0.0
San Diego,0,1,-,2025-04-04,Althea,1748029276,city,0.0,0.0
Stamford,0,1,-,2025-04-04,Althea,1748029276,city,0.0,0.0
Tokyo,0,1,-,2025-04-04,Althea,1748029276,city,0.0,0.0
Cincinnati,3,0,-100%,2025-04-04,Althea,1748029276,city,-1.0,-100.0
Denver,1,0,-100%,2025-04-04,Althea,1748029276,city,0.0,
Edinburgh,1,0,-100%,2025-04-04,Althea,1748029276,city,0.0,
Milan,1,0,-100%,2025-04-04,Althea,1748029276,city,0.0,
All Cities,7,19,+171%,2025-04-11,Althea,1748029276,city,19.0,inf
"Washington, D.C.",0,3,-,2025-04-11,Althea,1748029276,city,-16.0,-84.21052631578947
Portland,0,2,-,2025-04-11,Althea,1748029276,city,-1.0,-33.333333333333336
San Francisco,0,2,-,2025-04-11,Althea,1748029276,city,0.0,0.0
Atlanta,0,1,-,2025-04-11,Althea,1748029276,city,-1.0,-50.0
Brasília,0,1,-,2025-04-11,Althea,1748029276,city,0.0,0.0
Charlotte,0,1,-,2025-04-11,Althea,1748029276,city,0.0,0.0
Detroit,0,1,-,2025-04-11,Althea,1748029276,city,0.0,0.0
Houston,0,1,-,2025-04-11,Althea,1748029276,city,0.0,0.0
Milwaukee,0,1,-,2025-04-11,Althea,1748029276,city,0.0,0.0
Minneapolis,0,1,-,2025-04-11,Althea,1748029276,city,0.0,0.0
Osaka,0,1,-,2025-04-11,Althea,1748029276,city,0.0,0.0
Philadelphia,0,1,-,2025-04-11,Althea,1748029276,city,0.0,0.0
Roanoke,0,1,-,2025-04-11,Althea,1748029276,city,0.0,0.0
Salt Lake City,0,1,-,2025-04-11,Althea,1748029276,city,0.0,0.0
Austin,1,0,-100%,2025-04-11,Althea,1748029276,city,-1.0,-100.0
Luziânia,1,0,-100%,2025-04-11,Althea,1748029276,city,0.0,
San Diego,1,0,-100%,2025-04-11,Althea,1748029276,city,0.0,
Stamford,1,0,-100%,2025-04-11,Althea,1748029276,city,0.0,
Tokyo,1,0,-100%,2025-04-11,Althea,1748029276,city,0.0,
All Cities,0,276,-,2025-03-21,That Thing,1807227251,city,,
Denver,0,20,-,2025-03-21,That Thing,1807227251,city,-256.0,-92.7536231884058
Seattle,0,9,-,2025-03-21,That Thing,1807227251,city,-11.0,-55.00000000000001
New York City,0,8,-,2025-03-21,That Thing,1807227251,city,-1.0,-11.111111111111116
Tampa,0,8,-,2025-03-21,That Thing,1807227251,city,0.0,0.0
Dallas,0,6,-,2025-03-21,That Thing,1807227251,city,-2.0,-25.0
Vancouver,0,6,-,2025-03-21,That Thing,1807227251,city,0.0,0.0
Atlanta,0,5,-,2025-03-21,That Thing,1807227251,city,-1.0,-16.666666666666664
Chicago,0,5,-,2025-03-21,That Thing,1807227251,city,0.0,0.0
Minneapolis,0,5,-,2025-03-21,That Thing,1807227251,city,0.0,0.0
Pittsburgh,0,5,-,2025-03-21,That Thing,1807227251,city,0.0,0.0
Salt Lake City,0,5,-,2025-03-21,That Thing,1807227251,city,0.0,0.0
Toronto,0,5,-,2025-03-21,That Thing,1807227251,city,0.0,0.0
Los Angeles,0,4,-,2025-03-21,That Thing,1807227251,city,-1.0,-19.999999999999996
Nashville,0,4,-,2025-03-21,That Thing,1807227251,city,0.0,0.0
Sarasota,0,4,-,2025-03-21,That Thing,1807227251,city,0.0,0.0
Tulsa,0,4,-,2025-03-21,That Thing,1807227251,city,0.0,0.0
Austin,0,3,-,2025-03-21,That Thing,1807227251,city,-1.0,-25.0
Baltimore,0,3,-,2025-03-21,That Thing,1807227251,city,0.0,0.0
Charlotte,0,3,-,2025-03-21,That Thing,1807227251,city,0.0,0.0
Detroit,0,3,-,2025-03-21,That Thing,1807227251,city,0.0,0.0
London,0,3,-,2025-03-21,That Thing,1807227251,city,0.0,0.0
Orlando,0,3,-,2025-03-21,That Thing,1807227251,city,0.0,0.0
Philadelphia,0,3,-,2025-03-21,That Thing,1807227251,city,0.0,0.0
Portland,0,3,-,2025-03-21,That Thing,1807227251,city,0.0,0.0
San Jose,0,3,-,2025-03-21,That Thing,1807227251,city,0.0,0.0
St. Louis,0,3,-,2025-03-21,That Thing,1807227251,city,0.0,0.0
Victoria,0,3,-,2025-03-21,That Thing,1807227251,city,0.0,0.0
"Washington, D.C.",0,3,-,2025-03-21,That Thing,1807227251,city,0.0,0.0
Bellingham,0,2,-,2025-03-21,That Thing,1807227251,city,-1.0,-33.333333333333336
Boston,0,2,-,2025-03-21,That Thing,1807227251,city,0.0,0.0
Buffalo,0,2,-,2025-03-21,That Thing,1807227251,city,0.0,0.0
Burlington,0,2,-,2025-03-21,That Thing,1807227251,city,0.0,0.0
Columbus,0,2,-,2025-03-21,That Thing,1807227251,city,0.0,0.0
Daytona Beach,0,2,-,2025-03-21,That Thing,1807227251,city,0.0,0.0
Edmonton,0,2,-,2025-03-21,That Thing,1807227251,city,0.0,0.0
Fort Worth,0,2,-,2025-03-21,That Thing,1807227251,city,0.0,0.0
Hartford,0,2,-,2025-03-21,That Thing,1807227251,city,0.0,0.0
Houston,0,2,-,2025-03-21,That Thing,1807227251,city,0.0,0.0
Las Vegas,0,2,-,2025-03-21,That Thing,1807227251,city,0.0,0.0
Lausanne,0,2,-,2025-03-21,That Thing,1807227251,city,0.0,0.0
Lincoln,0,2,-,2025-03-21,That Thing,1807227251,city,0.0,0.0
Lisbon,0,2,-,2025-03-21,That Thing,1807227251,city,0.0,0.0
Lubbock,0,2,-,2025-03-21,That Thing,1807227251,city,0.0,0.0
Osaka,0,2,-,2025-03-21,That Thing,1807227251,city,0.0,0.0
Penticton,0,2,-,2025-03-21,That Thing,1807227251,city,0.0,0.0
Portland,0,2,-,2025-03-21,That Thing,1807227251,city,0.0,0.0
San Diego,0,2,-,2025-03-21,That Thing,1807227251,city,0.0,0.0
San Francisco,0,2,-,2025-03-21,That Thing,1807227251,city,0.0,0.0
Santa Rosa,0,2,-,2025-03-21,That Thing,1807227251,city,0.0,0.0
Saskatoon,0,2,-,2025-03-21,That Thing,1807227251,city,0.0,0.0
The Woodlands,0,2,-,2025-03-21,That Thing,1807227251,city,0.0,0.0
Wichita,0,2,-,2025-03-21,That Thing,1807227251,city,0.0,0.0
Akron,0,1,-,2025-03-21,That Thing,1807227251,city,-1.0,-50.0
Albuquerque,0,1,-,2025-03-21,That Thing,1807227251,city,0.0,0.0
Anchorage,0,1,-,2025-03-21,That Thing,1807227251,city,0.0,0.0
Ann Arbor,0,1,-,2025-03-21,That Thing,1807227251,city,0.0,0.0
Asheville,0,1,-,2025-03-21,That Thing,1807227251,city,0.0,0.0
Ashland,0,1,-,2025-03-21,That Thing,1807227251,city,0.0,0.0
Bay Harbor,0,1,-,2025-03-21,That Thing,1807227251,city,0.0,0.0
Bend,0,1,-,2025-03-21,That Thing,1807227251,city,0.0,0.0
Berlin,0,1,-,2025-03-21,That Thing,1807227251,city,0.0,0.0
Bogotá,0,1,-,2025-03-21,That Thing,1807227251,city,0.0,0.0
Boise,0,1,-,2025-03-21,That Thing,1807227251,city,0.0,0.0
Brockton,0,1,-,2025-03-21,That Thing,1807227251,city,0.0,0.0
Cadillac,0,1,-,2025-03-21,That Thing,1807227251,city,0.0,0.0
Calgary,0,1,-,2025-03-21,That Thing,1807227251,city,0.0,0.0
Canton,0,1,-,2025-03-21,That Thing,1807227251,city,0.0,0.0
Cape Town,0,1,-,2025-03-21,That Thing,1807227251,city,0.0,0.0
Cardiff,0,1,-,2025-03-21,That Thing,1807227251,city,0.0,0.0
Chon Buri,0,1,-,2025-03-21,That Thing,1807227251,city,0.0,0.0
Cincinnati,0,1,-,2025-03-21,That Thing,1807227251,city,0.0,0.0
Cleveland,0,1,-,2025-03-21,That Thing,1807227251,city,0.0,0.0
Columbia,0,1,-,2025-03-21,That Thing,1807227251,city,0.0,0.0
Cookeville,0,1,-,2025-03-21,That Thing,1807227251,city,0.0,0.0
Dayton,0,1,-,2025-03-21,That Thing,1807227251,city,0.0,0.0
Düsseldorf,0,1,-,2025-03-21,That Thing,1807227251,city,0.0,0.0
Eau Claire,0,1,-,2025-03-21,That Thing,1807227251,city,0.0,0.0
Eugene,0,1,-,2025-03-21,That Thing,1807227251,city,0.0,0.0
Fremont,0,1,-,2025-03-21,That Thing,1807227251,city,0.0,0.0
Fukuoka,0,1,-,2025-03-21,That Thing,1807227251,city,0.0,0.0
Glenwood Springs,0,1,-,2025-03-21,That Thing,1807227251,city,0.0,0.0
Havelock,0,1,-,2025-03-21,That Thing,1807227251,city,0.0,0.0
Helena,0,1,-,2025-03-21,That Thing,1807227251,city,0.0,0.0
Indianapolis,0,1,-,2025-03-21,That Thing,1807227251,city,0.0,0.0
Johnstown,0,1,-,2025-03-21,That Thing,1807227251,city,0.0,0.0
Kalispell,0,1,-,2025-03-21,That Thing,1807227251,city,0.0,0.0
Lancaster,0,1,-,2025-03-21,That Thing,1807227251,city,0.0,0.0
Lansing,0,1,-,2025-03-21,That Thing,1807227251,city,0.0,0.0
Linz,0,1,-,2025-03-21,That Thing,1807227251,city,0.0,0.0
Madison,0,1,-,2025-03-21,That Thing,1807227251,city,0.0,0.0
Miami,0,1,-,2025-03-21,That Thing,1807227251,city,0.0,0.0
Milwaukee,0,1,-,2025-03-21,That Thing,1807227251,city,0.0,0.0
Monterrey,0,1,-,2025-03-21,That Thing,1807227251,city,0.0,0.0
Montréal,0,1,-,2025-03-21,That Thing,1807227251,city,0.0,0.0
New Orleans,0,1,-,2025-03-21,That Thing,1807227251,city,0.0,0.0
Newport News,0,1,-,2025-03-21,That Thing,1807227251,city,0.0,0.0
Norfolk,0,1,-,2025-03-21,That Thing,1807227251,city,0.0,0.0
Ogden,0,1,-,2025-03-21,That Thing,1807227251,city,0.0,0.0
Oklahoma City,0,1,-,2025-03-21,That Thing,1807227251,city,0.0,0.0
Olean,0,1,-,2025-03-21,That Thing,1807227251,city,0.0,0.0
Oshawa,0,1,-,2025-03-21,That Thing,1807227251,city,0.0,0.0
Ottawa,0,1,-,2025-03-21,That Thing,1807227251,city,0.0,0.0
Phoenix,0,1,-,2025-03-21,That Thing,1807227251,city,0.0,0.0
Portsmouth,0,1,-,2025-03-21,That Thing,1807227251,city,0.0,0.0
Prince George,0,1,-,2025-03-21,That Thing,1807227251,city,0.0,0.0
Regina,0,1,-,2025-03-21,That Thing,1807227251,city,0.0,0.0
Rock Hill,0,1,-,2025-03-21,That Thing,1807227251,city,0.0,0.0
Rodez,0,1,-,2025-03-21,That Thing,1807227251,city,0.0,0.0
Sacramento,0,1,-,2025-03-21,That Thing,1807227251,city,0.0,0.0
San Antonio,0,1,-,2025-03-21,That Thing,1807227251,city,0.0,0.0
Sandpoint,0,1,-,2025-03-21,That Thing,1807227251,city,0.0,0.0
Sapporo,0,1,-,2025-03-21,That Thing,1807227251,city,0.0,0.0
Star Valley Ranch,0,1,-,2025-03-21,That Thing,1807227251,city,0.0,0.0
Stonecrest,0,1,-,2025-03-21,That Thing,1807227251,city,0.0,0.0
Syracuse,0,1,-,2025-03-21,That Thing,1807227251,city,0.0,0.0
Tacoma,0,1,-,2025-03-21,That Thing,1807227251,city,0.0,0.0
Taipei,0,1,-,2025-03-21,That Thing,1807227251,city,0.0,0.0
Tallinn,0,1,-,2025-03-21,That Thing,1807227251,city,0.0,0.0
Tokyo,0,1,-,2025-03-21,That Thing,1807227251,city,0.0,0.0
Traverse City,0,1,-,2025-03-21,That Thing,1807227251,city,0.0,0.0
Tucson,0,1,-,2025-03-21,That Thing,1807227251,city,0.0,0.0
Vienna,0,1,-,2025-03-21,That Thing,1807227251,city,0.0,0.0
Watertown,0,1,-,2025-03-21,That Thing,1807227251,city,0.0,0.0
Waukesha,0,1,-,2025-03-21,That Thing,1807227251,city,0.0,0.0
Wausau,0,1,-,2025-03-21,That Thing,1807227251,city,0.0,0.0
Wenatchee,0,1,-,2025-03-21,That Thing,1807227251,city,0.0,0.0
Wilmington,0,1,-,2025-03-21,That Thing,1807227251,city,0.0,0.0
Winston-Salem,0,1,-,2025-03-21,That Thing,1807227251,city,0.0,0.0
Worcester,0,1,-,2025-03-21,That Thing,1807227251,city,0.0,0.0
All Cities,276,306,+11%,2025-03-28,That Thing,1807227251,city,305.0,30500.0
Atlanta,5,14,+180%,2025-03-28,That Thing,1807227251,city,-292.0,-95.42483660130719
Denver,20,10,-50%,2025-03-28,That Thing,1807227251,city,-4.0,-28.57142857142857
Chicago,5,9,+80%,2025-03-28,That Thing,1807227251,city,-1.0,-9.999999999999998
New York City,8,9,+13%,2025-03-28,That Thing,1807227251,city,0.0,0.0
Cape Coral,0,7,-,2025-03-28,That Thing,1807227251,city,-2.0,-22.22222222222222
Los Angeles,4,7,+75%,2025-03-28,That Thing,1807227251,city,0.0,0.0
Charlotte,3,6,+100%,2025-03-28,That Thing,1807227251,city,-1.0,-14.28571428571429
Orlando,3,6,+100%,2025-03-28,That Thing,1807227251,city,0.0,0.0
Rochester,0,6,-,2025-03-28,That Thing,1807227251,city,0.0,0.0
Johannesburg,0,5,-,2025-03-28,That Thing,1807227251,city,-1.0,-16.666666666666664
London,3,5,+67%,2025-03-28,That Thing,1807227251,city,0.0,0.0
Portland,3,5,+67%,2025-03-28,That Thing,1807227251,city,0.0,0.0
San Jose,3,5,+67%,2025-03-28,That Thing,1807227251,city,0.0,0.0
Boston,2,4,+100%,2025-03-28,That Thing,1807227251,city,-1.0,-19.999999999999996
Roanoke,0,4,-,2025-03-28,That Thing,1807227251,city,0.0,0.0
Seattle,9,4,-56%,2025-03-28,That Thing,1807227251,city,0.0,0.0
Asheville,1,3,+200%,2025-03-28,That Thing,1807227251,city,-1.0,-25.0
Barnstable,0,3,-,2025-03-28,That Thing,1807227251,city,0.0,0.0
Billings,0,3,-,2025-03-28,That Thing,1807227251,city,0.0,0.0
Charleston,0,3,-,2025-03-28,That Thing,1807227251,city,0.0,0.0
Cleveland,1,3,+200%,2025-03-28,That Thing,1807227251,city,0.0,0.0
Hartford,2,3,+50%,2025-03-28,That Thing,1807227251,city,0.0,0.0
Houston,2,3,+50%,2025-03-28,That Thing,1807227251,city,0.0,0.0
Indianapolis,1,3,+200%,2025-03-28,That Thing,1807227251,city,0.0,0.0
Las Vegas,2,3,+50%,2025-03-28,That Thing,1807227251,city,0.0,0.0
Mesa,0,3,-,2025-03-28,That Thing,1807227251,city,0.0,0.0
Milwaukee,1,3,+200%,2025-03-28,That Thing,1807227251,city,0.0,0.0
Minneapolis,5,3,-40%,2025-03-28,That Thing,1807227251,city,0.0,0.0
Nashville,4,3,-25%,2025-03-28,That Thing,1807227251,city,0.0,0.0
Oklahoma City,1,3,+200%,2025-03-28,That Thing,1807227251,city,0.0,0.0
Québec,0,3,-,2025-03-28,That Thing,1807227251,city,0.0,0.0
Raleigh,0,3,-,2025-03-28,That Thing,1807227251,city,0.0,0.0
Sacramento,1,3,+200%,2025-03-28,That Thing,1807227251,city,0.0,0.0
Salt Lake City,5,3,-40%,2025-03-28,That Thing,1807227251,city,0.0,0.0
San Antonio,1,3,+200%,2025-03-28,That Thing,1807227251,city,0.0,0.0
Sydney,0,3,-,2025-03-28,That Thing,1807227251,city,0.0,0.0
Tacoma,1,3,+200%,2025-03-28,That Thing,1807227251,city,0.0,0.0
Wichita,2,3,+50%,2025-03-28,That Thing,1807227251,city,0.0,0.0
Allentown,0,2,-,2025-03-28,That Thing,1807227251,city,-1.0,-33.333333333333336
Brisbane,0,2,-,2025-03-28,That Thing,1807227251,city,0.0,0.0
Calgary,1,2,+100%,2025-03-28,That Thing,1807227251,city,0.0,0.0
Christchurch,0,2,-,2025-03-28,That Thing,1807227251,city,0.0,0.0
Cincinnati,1,2,+100%,2025-03-28,That Thing,1807227251,city,0.0,0.0
Columbus,2,2,0%,2025-03-28,That Thing,1807227251,city,0.0,0.0
Dallas,6,2,-67%,2025-03-28,That Thing,1807227251,city,0.0,0.0
Detroit,3,2,-33%,2025-03-28,That Thing,1807227251,city,0.0,0.0
Glasgow,0,2,-,2025-03-28,That Thing,1807227251,city,0.0,0.0
Helsinki,0,2,-,2025-03-28,That Thing,1807227251,city,0.0,0.0
Hendersonville,0,2,-,2025-03-28,That Thing,1807227251,city,0.0,0.0
Kaohsiung,0,2,-,2025-03-28,That Thing,1807227251,city,0.0,0.0
Kelowna,0,2,-,2025-03-28,That Thing,1807227251,city,0.0,0.0
Lansing,1,2,+100%,2025-03-28,That Thing,1807227251,city,0.0,0.0
Montréal,1,2,+100%,2025-03-28,That Thing,1807227251,city,0.0,0.0
Osaka,2,2,0%,2025-03-28,That Thing,1807227251,city,0.0,0.0
San Diego,2,2,0%,2025-03-28,That Thing,1807227251,city,0.0,0.0
San Francisco,2,2,0%,2025-03-28,That Thing,1807227251,city,0.0,0.0
Sarasota,4,2,-50%,2025-03-28,That Thing,1807227251,city,0.0,0.0
Syracuse,1,2,+100%,2025-03-28,That Thing,1807227251,city,0.0,0.0
Tokyo,1,2,+100%,2025-03-28,That Thing,1807227251,city,0.0,0.0
Wilmington,1,2,+100%,2025-03-28,That Thing,1807227251,city,0.0,0.0
Amsterdam,0,1,-,2025-03-28,That Thing,1807227251,city,-1.0,-50.0
Auckland,0,1,-,2025-03-28,That Thing,1807227251,city,0.0,0.0
Bakersfield,0,1,-,2025-03-28,That Thing,1807227251,city,0.0,0.0
Baltimore,3,1,-67%,2025-03-28,That Thing,1807227251,city,0.0,0.0
Bayonne,0,1,-,2025-03-28,That Thing,1807227251,city,0.0,0.0
Bemidji,0,1,-,2025-03-28,That Thing,1807227251,city,0.0,0.0
Boise,1,1,0%,2025-03-28,That Thing,1807227251,city,0.0,0.0
Bordeaux,0,1,-,2025-03-28,That Thing,1807227251,city,0.0,0.0
Boulder,0,1,-,2025-03-28,That Thing,1807227251,city,0.0,0.0
Bratislava,0,1,-,2025-03-28,That Thing,1807227251,city,0.0,0.0
Brockton,1,1,0%,2025-03-28,That Thing,1807227251,city,0.0,0.0
Buffalo,2,1,-50%,2025-03-28,That Thing,1807227251,city,0.0,0.0
Burlington,0,1,-,2025-03-28,That Thing,1807227251,city,0.0,0.0
Cape Town,1,1,0%,2025-03-28,That Thing,1807227251,city,0.0,0.0
Charleroi,0,1,-,2025-03-28,That Thing,1807227251,city,0.0,0.0
Chowchilla,0,1,-,2025-03-28,That Thing,1807227251,city,0.0,0.0
Circleville,0,1,-,2025-03-28,That Thing,1807227251,city,0.0,0.0
Cookeville,1,1,0%,2025-03-28,That Thing,1807227251,city,0.0,0.0
Crawfordsville,0,1,-,2025-03-28,That Thing,1807227251,city,0.0,0.0
Dublin,0,1,-,2025-03-28,That Thing,1807227251,city,0.0,0.0
Edmonton,2,1,-50%,2025-03-28,That Thing,1807227251,city,0.0,0.0
Fort Wayne,0,1,-,2025-03-28,That Thing,1807227251,city,0.0,0.0
Fort Worth,2,1,-50%,2025-03-28,That Thing,1807227251,city,0.0,0.0
Frankfurt Am Main,0,1,-,2025-03-28,That Thing,1807227251,city,0.0,0.0
Gastonia,0,1,-,2025-03-28,That Thing,1807227251,city,0.0,0.0
Gordon,0,1,-,2025-03-28,That Thing,1807227251,city,0.0,0.0
Jacksonville,0,1,-,2025-03-28,That Thing,1807227251,city,0.0,0.0
Joliette,0,1,-,2025-03-28,That Thing,1807227251,city,0.0,0.0
Kansas City,0,1,-,2025-03-28,That Thing,1807227251,city,0.0,0.0
Knoxville,0,1,-,2025-03-28,That Thing,1807227251,city,0.0,0.0
Lake Butler,0,1,-,2025-03-28,That Thing,1807227251,city,0.0,0.0
Lausanne,2,1,-50%,2025-03-28,That Thing,1807227251,city,0.0,0.0
Leesburg,0,1,-,2025-03-28,That Thing,1807227251,city,0.0,0.0
Leuven,0,1,-,2025-03-28,That Thing,1807227251,city,0.0,0.0
Lexington-Fayette,0,1,-,2025-03-28,That Thing,1807227251,city,0.0,0.0
Little Rock,0,1,-,2025-03-28,That Thing,1807227251,city,0.0,0.0
Los Mochis,0,1,-,2025-03-28,That Thing,1807227251,city,0.0,0.0
Lubbock,2,1,-50%,2025-03-28,That Thing,1807227251,city,0.0,0.0
Lynchburg,0,1,-,2025-03-28,That Thing,1807227251,city,0.0,0.0
Melbourne,0,1,-,2025-03-28,That Thing,1807227251,city,0.0,0.0
Memphis,0,1,-,2025-03-28,That Thing,1807227251,city,0.0,0.0
Miami,1,1,0%,2025-03-28,That Thing,1807227251,city,0.0,0.0
Minato,0,1,-,2025-03-28,That Thing,1807227251,city,0.0,0.0
Montgomery,0,1,-,2025-03-28,That Thing,1807227251,city,0.0,0.0
Newmarket,0,1,-,2025-03-28,That Thing,1807227251,city,0.0,0.0
Oak Harbor,0,1,-,2025-03-28,That Thing,1807227251,city,0.0,0.0
Oldenburg,0,1,-,2025-03-28,That Thing,1807227251,city,0.0,0.0
Ottawa,1,1,0%,2025-03-28,That Thing,1807227251,city,0.0,0.0
Paris,0,1,-,2025-03-28,That Thing,1807227251,city,0.0,0.0
Philadelphia,3,1,-67%,2025-03-28,That Thing,1807227251,city,0.0,0.0
Phoenix,1,1,0%,2025-03-28,That Thing,1807227251,city,0.0,0.0
Pittsburgh,5,1,-80%,2025-03-28,That Thing,1807227251,city,0.0,0.0
Port Saint Lucie,0,1,-,2025-03-28,That Thing,1807227251,city,0.0,0.0
Poznań,0,1,-,2025-03-28,That Thing,1807227251,city,0.0,0.0
Red Deer,0,1,-,2025-03-28,That Thing,1807227251,city,0.0,0.0
Richmond,0,1,-,2025-03-28,That Thing,1807227251,city,0.0,0.0
San Luis Obispo,0,1,-,2025-03-28,That Thing,1807227251,city,0.0,0.0
Sheridan,0,1,-,2025-03-28,That Thing,1807227251,city,0.0,0.0
Stuttgart,0,1,-,2025-03-28,That Thing,1807227251,city,0.0,0.0
Taichung,0,1,-,2025-03-28,That Thing,1807227251,city,0.0,0.0
Tampa,8,1,-88%,2025-03-28,That Thing,1807227251,city,0.0,0.0
Thành Phố Uông Bí,0,1,-,2025-03-28,That Thing,1807227251,city,0.0,0.0
Tijuana,0,1,-,2025-03-28,That Thing,1807227251,city,0.0,0.0
Timmins,0,1,-,2025-03-28,That Thing,1807227251,city,0.0,0.0
Toronto,5,1,-80%,2025-03-28,That Thing,1807227251,city,0.0,0.0
Uvalde,0,1,-,2025-03-28,That Thing,1807227251,city,0.0,0.0
Vancouver,6,1,-83%,2025-03-28,That Thing,1807227251,city,0.0,0.0
Vienna,1,1,0%,2025-03-28,That Thing,1807227251,city,0.0,0.0
"Washington, D.C.",3,1,-67%,2025-03-28,That Thing,1807227251,city,0.0,0.0
Winkler,0,1,-,2025-03-28,That Thing,1807227251,city,0.0,0.0
Zürich,0,1,-,2025-03-28,That Thing,1807227251,city,0.0,0.0
Akron,1,0,-100%,2025-03-28,That Thing,1807227251,city,-1.0,-100.0
Albuquerque,1,0,-100%,2025-03-28,That Thing,1807227251,city,0.0,
Anchorage,1,0,-100%,2025-03-28,That Thing,1807227251,city,0.0,
Ann Arbor,1,0,-100%,2025-03-28,That Thing,1807227251,city,0.0,
Ashland,1,0,-100%,2025-03-28,That Thing,1807227251,city,0.0,
Austin,3,0,-100%,2025-03-28,That Thing,1807227251,city,0.0,
Bay Harbor,1,0,-100%,2025-03-28,That Thing,1807227251,city,0.0,
Bellingham,2,0,-100%,2025-03-28,That Thing,1807227251,city,0.0,
Bend,1,0,-100%,2025-03-28,That Thing,1807227251,city,0.0,
Berlin,1,0,-100%,2025-03-28,That Thing,1807227251,city,0.0,
Bogotá,1,0,-100%,2025-03-28,That Thing,1807227251,city,0.0,
Burlington,2,0,-100%,2025-03-28,That Thing,1807227251,city,0.0,
Cadillac,1,0,-100%,2025-03-28,That Thing,1807227251,city,0.0,
Canton,1,0,-100%,2025-03-28,That Thing,1807227251,city,0.0,
Cardiff,1,0,-100%,2025-03-28,That Thing,1807227251,city,0.0,
Chon Buri,1,0,-100%,2025-03-28,That Thing,1807227251,city,0.0,
Columbia,1,0,-100%,2025-03-28,That Thing,1807227251,city,0.0,
Dayton,1,0,-100%,2025-03-28,That Thing,1807227251,city,0.0,
Daytona Beach,2,0,-100%,2025-03-28,That Thing,1807227251,city,0.0,
Düsseldorf,1,0,-100%,2025-03-28,That Thing,1807227251,city,0.0,
Eau Claire,1,0,-100%,2025-03-28,That Thing,1807227251,city,0.0,
Eugene,1,0,-100%,2025-03-28,That Thing,1807227251,city,0.0,
Fremont,1,0,-100%,2025-03-28,That Thing,1807227251,city,0.0,
Fukuoka,1,0,-100%,2025-03-28,That Thing,1807227251,city,0.0,
Glenwood Springs,1,0,-100%,2025-03-28,That Thing,1807227251,city,0.0,
Havelock,1,0,-100%,2025-03-28,That Thing,1807227251,city,0.0,
Helena,1,0,-100%,2025-03-28,That Thing,1807227251,city,0.0,
Johnstown,1,0,-100%,2025-03-28,That Thing,1807227251,city,0.0,
Kalispell,1,0,-100%,2025-03-28,That Thing,1807227251,city,0.0,
Lancaster,1,0,-100%,2025-03-28,That Thing,1807227251,city,0.0,
Lincoln,2,0,-100%,2025-03-28,That Thing,1807227251,city,0.0,
Linz,1,0,-100%,2025-03-28,That Thing,1807227251,city,0.0,
Lisbon,2,0,-100%,2025-03-28,That Thing,1807227251,city,0.0,
Madison,1,0,-100%,2025-03-28,That Thing,1807227251,city,0.0,
Monterrey,1,0,-100%,2025-03-28,That Thing,1807227251,city,0.0,
New Orleans,1,0,-100%,2025-03-28,That Thing,1807227251,city,0.0,
Newport News,1,0,-100%,2025-03-28,That Thing,1807227251,city,0.0,
Norfolk,1,0,-100%,2025-03-28,That Thing,1807227251,city,0.0,
Ogden,1,0,-100%,2025-03-28,That Thing,1807227251,city,0.0,
Olean,1,0,-100%,2025-03-28,That Thing,1807227251,city,0.0,
Oshawa,1,0,-100%,2025-03-28,That Thing,1807227251,city,0.0,
Penticton,2,0,-100%,2025-03-28,That Thing,1807227251,city,0.0,
Portland,2,0,-100%,2025-03-28,That Thing,1807227251,city,0.0,
Portsmouth,1,0,-100%,2025-03-28,That Thing,1807227251,city,0.0,
Prince George,1,0,-100%,2025-03-28,That Thing,1807227251,city,0.0,
Regina,1,0,-100%,2025-03-28,That Thing,1807227251,city,0.0,
Rock Hill,1,0,-100%,2025-03-28,That Thing,1807227251,city,0.0,
Rodez,1,0,-100%,2025-03-28,That Thing,1807227251,city,0.0,
Sandpoint,1,0,-100%,2025-03-28,That Thing,1807227251,city,0.0,
Santa Rosa,2,0,-100%,2025-03-28,That Thing,1807227251,city,0.0,
Sapporo,1,0,-100%,2025-03-28,That Thing,1807227251,city,0.0,
Saskatoon,2,0,-100%,2025-03-28,That Thing,1807227251,city,0.0,
St. Louis,3,0,-100%,2025-03-28,That Thing,1807227251,city,0.0,
Star Valley Ranch,1,0,-100%,2025-03-28,That Thing,1807227251,city,0.0,
Stonecrest,1,0,-100%,2025-03-28,That Thing,1807227251,city,0.0,
Taipei,1,0,-100%,2025-03-28,That Thing,1807227251,city,0.0,
Tallinn,1,0,-100%,2025-03-28,That Thing,1807227251,city,0.0,
The Woodlands,2,0,-100%,2025-03-28,That Thing,1807227251,city,0.0,
Traverse City,1,0,-100%,2025-03-28,That Thing,1807227251,city,0.0,
Tucson,1,0,-100%,2025-03-28,That Thing,1807227251,city,0.0,
Tulsa,4,0,-100%,2025-03-28,That Thing,1807227251,city,0.0,
Victoria,3,0,-100%,2025-03-28,That Thing,1807227251,city,0.0,
Watertown,1,0,-100%,2025-03-28,That Thing,1807227251,city,0.0,
Waukesha,1,0,-100%,2025-03-28,That Thing,1807227251,city,0.0,
Wausau,1,0,-100%,2025-03-28,That Thing,1807227251,city,0.0,
Wenatchee,1,0,-100%,2025-03-28,That Thing,1807227251,city,0.0,
Winston-Salem,1,0,-100%,2025-03-28,That Thing,1807227251,city,0.0,
Worcester,1,0,-100%,2025-03-28,That Thing,1807227251,city,0.0,
All Cities,306,53,-83%,2025-04-04,That Thing,1807227251,city,53.0,inf
London,5,5,0%,2025-04-04,That Thing,1807227251,city,-48.0,-90.56603773584906
Boston,4,4,0%,2025-04-04,That Thing,1807227251,city,-1.0,-19.999999999999996
Toronto,1,4,+300%,2025-04-04,That Thing,1807227251,city,0.0,0.0
Chicago,9,3,-67%,2025-04-04,That Thing,1807227251,city,-1.0,-25.0
Tacoma,3,3,0%,2025-04-04,That Thing,1807227251,city,0.0,0.0
Amsterdam,1,2,+100%,2025-04-04,That Thing,1807227251,city,-1.0,-33.333333333333336
Houston,3,2,-33%,2025-04-04,That Thing,1807227251,city,0.0,0.0
Mesa,3,2,-33%,2025-04-04,That Thing,1807227251,city,0.0,0.0
Orlando,6,2,-67%,2025-04-04,That Thing,1807227251,city,0.0,0.0
San Jose,5,2,-60%,2025-04-04,That Thing,1807227251,city,0.0,0.0
Baltimore,1,1,0%,2025-04-04,That Thing,1807227251,city,-1.0,-50.0
Belfast,0,1,-,2025-04-04,That Thing,1807227251,city,0.0,0.0
Buffalo,1,1,0%,2025-04-04,That Thing,1807227251,city,0.0,0.0
Denver,10,1,-90%,2025-04-04,That Thing,1807227251,city,0.0,0.0
Edmonton,1,1,0%,2025-04-04,That Thing,1807227251,city,0.0,0.0
Halifax,0,1,-,2025-04-04,That Thing,1807227251,city,0.0,0.0
Los Angeles,7,1,-86%,2025-04-04,That Thing,1807227251,city,0.0,0.0
Manchester,0,1,-,2025-04-04,That Thing,1807227251,city,0.0,0.0
Morgantown,0,1,-,2025-04-04,That Thing,1807227251,city,0.0,0.0
New York City,9,1,-89%,2025-04-04,That Thing,1807227251,city,0.0,0.0
Philadelphia,1,1,0%,2025-04-04,That Thing,1807227251,city,0.0,0.0
Pécs,0,1,-,2025-04-04,That Thing,1807227251,city,0.0,0.0
Roanoke,4,1,-75%,2025-04-04,That Thing,1807227251,city,0.0,0.0
Rochester,0,1,-,2025-04-04,That Thing,1807227251,city,0.0,0.0
San Diego,2,1,-50%,2025-04-04,That Thing,1807227251,city,0.0,0.0
Seattle,4,1,-75%,2025-04-04,That Thing,1807227251,city,0.0,0.0
Seoul,0,1,-,2025-04-04,That Thing,1807227251,city,0.0,0.0
Tokyo,2,1,-50%,2025-04-04,That Thing,1807227251,city,0.0,0.0
Wichita,3,1,-67%,2025-04-04,That Thing,1807227251,city,0.0,0.0
Winnipeg,0,1,-,2025-04-04,That Thing,1807227251,city,0.0,0.0
Allentown,2,0,-100%,2025-04-04,That Thing,1807227251,city,-1.0,-100.0
Asheville,3,0,-100%,2025-04-04,That Thing,1807227251,city,0.0,
Atlanta,14,0,-100%,2025-04-04,That Thing,1807227251,city,0.0,
Auckland,1,0,-100%,2025-04-04,That Thing,1807227251,city,0.0,
Bakersfield,1,0,-100%,2025-04-04,That Thing,1807227251,city,0.0,
Barnstable,3,0,-100%,2025-04-04,That Thing,1807227251,city,0.0,
Bayonne,1,0,-100%,2025-04-04,That Thing,1807227251,city,0.0,
Bemidji,1,0,-100%,2025-04-04,That Thing,1807227251,city,0.0,
Billings,3,0,-100%,2025-04-04,That Thing,1807227251,city,0.0,
Boise,1,0,-100%,2025-04-04,That Thing,1807227251,city,0.0,
Bordeaux,1,0,-100%,2025-04-04,That Thing,1807227251,city,0.0,
Boulder,1,0,-100%,2025-04-04,That Thing,1807227251,city,0.0,
Bratislava,1,0,-100%,2025-04-04,That Thing,1807227251,city,0.0,
Brisbane,2,0,-100%,2025-04-04,That Thing,1807227251,city,0.0,
Brockton,1,0,-100%,2025-04-04,That Thing,1807227251,city,0.0,
Burlington,1,0,-100%,2025-04-04,That Thing,1807227251,city,0.0,
Calgary,2,0,-100%,2025-04-04,That Thing,1807227251,city,0.0,
Cape Coral,7,0,-100%,2025-04-04,That Thing,1807227251,city,0.0,
Cape Town,1,0,-100%,2025-04-04,That Thing,1807227251,city,0.0,
Charleroi,1,0,-100%,2025-04-04,That Thing,1807227251,city,0.0,
Charleston,3,0,-100%,2025-04-04,That Thing,1807227251,city,0.0,
Charlotte,6,0,-100%,2025-04-04,That Thing,1807227251,city,0.0,
Chowchilla,1,0,-100%,2025-04-04,That Thing,1807227251,city,0.0,
Christchurch,2,0,-100%,2025-04-04,That Thing,1807227251,city,0.0,
Cincinnati,2,0,-100%,2025-04-04,That Thing,1807227251,city,0.0,
Circleville,1,0,-100%,2025-04-04,That Thing,1807227251,city,0.0,
Cleveland,3,0,-100%,2025-04-04,That Thing,1807227251,city,0.0,
Columbus,2,0,-100%,2025-04-04,That Thing,1807227251,city,0.0,
Cookeville,1,0,-100%,2025-04-04,That Thing,1807227251,city,0.0,
Crawfordsville,1,0,-100%,2025-04-04,That Thing,1807227251,city,0.0,
Dallas,2,0,-100%,2025-04-04,That Thing,1807227251,city,0.0,
Detroit,2,0,-100%,2025-04-04,That Thing,1807227251,city,0.0,
Dublin,1,0,-100%,2025-04-04,That Thing,1807227251,city,0.0,
Fort Wayne,1,0,-100%,2025-04-04,That Thing,1807227251,city,0.0,
Fort Worth,1,0,-100%,2025-04-04,That Thing,1807227251,city,0.0,
Frankfurt Am Main,1,0,-100%,2025-04-04,That Thing,1807227251,city,0.0,
Gastonia,1,0,-100%,2025-04-04,That Thing,1807227251,city,0.0,
Glasgow,2,0,-100%,2025-04-04,That Thing,1807227251,city,0.0,
Gordon,1,0,-100%,2025-04-04,That Thing,1807227251,city,0.0,
Hartford,3,0,-100%,2025-04-04,That Thing,1807227251,city,0.0,
Helsinki,2,0,-100%,2025-04-04,That Thing,1807227251,city,0.0,
Hendersonville,2,0,-100%,2025-04-04,That Thing,1807227251,city,0.0,
Indianapolis,3,0,-100%,2025-04-04,That Thing,1807227251,city,0.0,
Jacksonville,1,0,-100%,2025-04-04,That Thing,1807227251,city,0.0,
Johannesburg,5,0,-100%,2025-04-04,That Thing,1807227251,city,0.0,
Joliette,1,0,-100%,2025-04-04,That Thing,1807227251,city,0.0,
Kansas City,1,0,-100%,2025-04-04,That Thing,1807227251,city,0.0,
Kaohsiung,2,0,-100%,2025-04-04,That Thing,1807227251,city,0.0,
Kelowna,2,0,-100%,2025-04-04,That Thing,1807227251,city,0.0,
Knoxville,1,0,-100%,2025-04-04,That Thing,1807227251,city,0.0,
Lake Butler,1,0,-100%,2025-04-04,That Thing,1807227251,city,0.0,
Lansing,2,0,-100%,2025-04-04,That Thing,1807227251,city,0.0,
Las Vegas,3,0,-100%,2025-04-04,That Thing,1807227251,city,0.0,
Lausanne,1,0,-100%,2025-04-04,That Thing,1807227251,city,0.0,
Leesburg,1,0,-100%,2025-04-04,That Thing,1807227251,city,0.0,
Leuven,1,0,-100%,2025-04-04,That Thing,1807227251,city,0.0,
Lexington-Fayette,1,0,-100%,2025-04-04,That Thing,1807227251,city,0.0,
Little Rock,1,0,-100%,2025-04-04,That Thing,1807227251,city,0.0,
Los Mochis,1,0,-100%,2025-04-04,That Thing,1807227251,city,0.0,
Lubbock,1,0,-100%,2025-04-04,That Thing,1807227251,city,0.0,
Lynchburg,1,0,-100%,2025-04-04,That Thing,1807227251,city,0.0,
Melbourne,1,0,-100%,2025-04-04,That Thing,1807227251,city,0.0,
Memphis,1,0,-100%,2025-04-04,That Thing,1807227251,city,0.0,
Miami,1,0,-100%,2025-04-04,That Thing,1807227251,city,0.0,
Milwaukee,3,0,-100%,2025-04-04,That Thing,1807227251,city,0.0,
Minato,1,0,-100%,2025-04-04,That Thing,1807227251,city,0.0,
Minneapolis,3,0,-100%,2025-04-04,That Thing,1807227251,city,0.0,
Montgomery,1,0,-100%,2025-04-04,That Thing,1807227251,city,0.0,
Montréal,2,0,-100%,2025-04-04,That Thing,1807227251,city,0.0,
Nashville,3,0,-100%,2025-04-04,That Thing,1807227251,city,0.0,
Newmarket,1,0,-100%,2025-04-04,That Thing,1807227251,city,0.0,
Oak Harbor,1,0,-100%,2025-04-04,That Thing,1807227251,city,0.0,
Oklahoma City,3,0,-100%,2025-04-04,That Thing,1807227251,city,0.0,
Oldenburg,1,0,-100%,2025-04-04,That Thing,1807227251,city,0.0,
Osaka,2,0,-100%,2025-04-04,That Thing,1807227251,city,0.0,
Ottawa,1,0,-100%,2025-04-04,That Thing,1807227251,city,0.0,
Paris,1,0,-100%,2025-04-04,That Thing,1807227251,city,0.0,
Phoenix,1,0,-100%,2025-04-04,That Thing,1807227251,city,0.0,
Pittsburgh,1,0,-100%,2025-04-04,That Thing,1807227251,city,0.0,
Port Saint Lucie,1,0,-100%,2025-04-04,That Thing,1807227251,city,0.0,
Portland,5,0,-100%,2025-04-04,That Thing,1807227251,city,0.0,
Poznań,1,0,-100%,2025-04-04,That Thing,1807227251,city,0.0,
Québec,3,0,-100%,2025-04-04,That Thing,1807227251,city,0.0,
Raleigh,3,0,-100%,2025-04-04,That Thing,1807227251,city,0.0,
Red Deer,1,0,-100%,2025-04-04,That Thing,1807227251,city,0.0,
Richmond,1,0,-100%,2025-04-04,That Thing,1807227251,city,0.0,
Rochester,6,0,-100%,2025-04-04,That Thing,1807227251,city,0.0,
Sacramento,3,0,-100%,2025-04-04,That Thing,1807227251,city,0.0,
Salt Lake City,3,0,-100%,2025-04-04,That Thing,1807227251,city,0.0,
San Antonio,3,0,-100%,2025-04-04,That Thing,1807227251,city,0.0,
San Francisco,2,0,-100%,2025-04-04,That Thing,1807227251,city,0.0,
San Luis Obispo,1,0,-100%,2025-04-04,That Thing,1807227251,city,0.0,
Sarasota,2,0,-100%,2025-04-04,That Thing,1807227251,city,0.0,
Sheridan,1,0,-100%,2025-04-04,That Thing,1807227251,city,0.0,
Stuttgart,1,0,-100%,2025-04-04,That Thing,1807227251,city,0.0,
Sydney,3,0,-100%,2025-04-04,That Thing,1807227251,city,0.0,
Syracuse,2,0,-100%,2025-04-04,That Thing,1807227251,city,0.0,
Taichung,1,0,-100%,2025-04-04,That Thing,1807227251,city,0.0,
Tampa,1,0,-100%,2025-04-04,That Thing,1807227251,city,0.0,
Thành Phố Uông Bí,1,0,-100%,2025-04-04,That Thing,1807227251,city,0.0,
Tijuana,1,0,-100%,2025-04-04,That Thing,1807227251,city,0.0,
Timmins,1,0,-100%,2025-04-04,That Thing,1807227251,city,0.0,
Uvalde,1,0,-100%,2025-04-04,That Thing,1807227251,city,0.0,
Vancouver,1,0,-100%,2025-04-04,That Thing,1807227251,city,0.0,
Vienna,1,0,-100%,2025-04-04,That Thing,1807227251,city,0.0,
"Washington, D.C.",1,0,-100%,2025-04-04,That Thing,1807227251,city,0.0,
Wilmington,2,0,-100%,2025-04-04,That Thing,1807227251,city,0.0,
Winkler,1,0,-100%,2025-04-04,That Thing,1807227251,city,0.0,
Zürich,1,0,-100%,2025-04-04,That Thing,1807227251,city,0.0,
All Cities,53,180,+240%,2025-04-11,That Thing,1807227251,city,180.0,inf
Chicago,3,9,+200%,2025-04-11,That Thing,1807227251,city,-171.0,-95.0
Tokyo,1,7,+600%,2025-04-11,That Thing,1807227251,city,-2.0,-22.22222222222222
Atlanta,0,6,-,2025-04-11,That Thing,1807227251,city,-1.0,-14.28571428571429
Boston,4,6,+50%,2025-04-11,That Thing,1807227251,city,0.0,0.0
Denver,1,6,+500%,2025-04-11,That Thing,1807227251,city,0.0,0.0
Hartford,0,5,-,2025-04-11,That Thing,1807227251,city,-1.0,-16.666666666666664
Detroit,0,4,-,2025-04-11,That Thing,1807227251,city,-1.0,-19.999999999999996
London,5,4,-20%,2025-04-11,That Thing,1807227251,city,0.0,0.0
San Francisco,0,4,-,2025-04-11,That Thing,1807227251,city,0.0,0.0
San Jose,2,4,+100%,2025-04-11,That Thing,1807227251,city,0.0,0.0
Austin,0,3,-,2025-04-11,That Thing,1807227251,city,-1.0,-25.0
Charlotte,0,3,-,2025-04-11,That Thing,1807227251,city,0.0,0.0
Houston,2,3,+50%,2025-04-11,That Thing,1807227251,city,0.0,0.0
Manchester,0,3,-,2025-04-11,That Thing,1807227251,city,0.0,0.0
New York City,1,3,+200%,2025-04-11,That Thing,1807227251,city,0.0,0.0
Toronto,4,3,-25%,2025-04-11,That Thing,1807227251,city,0.0,0.0
Baton Rouge,0,2,-,2025-04-11,That Thing,1807227251,city,-1.0,-33.333333333333336
Cape Town,0,2,-,2025-04-11,That Thing,1807227251,city,0.0,0.0
Columbus,0,2,-,2025-04-11,That Thing,1807227251,city,0.0,0.0
Des Moines,0,2,-,2025-04-11,That Thing,1807227251,city,0.0,0.0
Glasgow,0,2,-,2025-04-11,That Thing,1807227251,city,0.0,0.0
Hanoi,0,2,-,2025-04-11,That Thing,1807227251,city,0.0,0.0
Indianapolis,0,2,-,2025-04-11,That Thing,1807227251,city,0.0,0.0
Jackson,0,2,-,2025-04-11,That Thing,1807227251,city,0.0,0.0
Kansas City,0,2,-,2025-04-11,That Thing,1807227251,city,0.0,0.0
Kyiv,0,2,-,2025-04-11,That Thing,1807227251,city,0.0,0.0
Los Angeles,1,2,+100%,2025-04-11,That Thing,1807227251,city,0.0,0.0
Miami,0,2,-,2025-04-11,That Thing,1807227251,city,0.0,0.0
Mumbai,0,2,-,2025-04-11,That Thing,1807227251,city,0.0,0.0
Orlando,2,2,0%,2025-04-11,That Thing,1807227251,city,0.0,0.0
Phoenix,0,2,-,2025-04-11,That Thing,1807227251,city,0.0,0.0
Portland,0,2,-,2025-04-11,That Thing,1807227251,city,0.0,0.0
Sarasota,0,2,-,2025-04-11,That Thing,1807227251,city,0.0,0.0
Vancouver,0,2,-,2025-04-11,That Thing,1807227251,city,0.0,0.0
"Washington, D.C.",0,2,-,2025-04-11,That Thing,1807227251,city,0.0,0.0
Wilmington,0,2,-,2025-04-11,That Thing,1807227251,city,0.0,0.0
Albuquerque,0,1,-,2025-04-11,That Thing,1807227251,city,-1.0,-50.0
Anaheim,0,1,-,2025-04-11,That Thing,1807227251,city,0.0,0.0
Brisbane,0,1,-,2025-04-11,That Thing,1807227251,city,0.0,0.0
Cape Coral,0,1,-,2025-04-11,That Thing,1807227251,city,0.0,0.0
Carmel,0,1,-,2025-04-11,That Thing,1807227251,city,0.0,0.0
Christchurch,0,1,-,2025-04-11,That Thing,1807227251,city,0.0,0.0
Dallas,0,1,-,2025-04-11,That Thing,1807227251,city,0.0,0.0
Dublin,0,1,-,2025-04-11,That Thing,1807227251,city,0.0,0.0
Durham,0,1,-,2025-04-11,That Thing,1807227251,city,0.0,0.0
Edmonton,1,1,0%,2025-04-11,That Thing,1807227251,city,0.0,0.0
Elche,0,1,-,2025-04-11,That Thing,1807227251,city,0.0,0.0
Fort Madison,0,1,-,2025-04-11,That Thing,1807227251,city,0.0,0.0
Frederick,0,1,-,2025-04-11,That Thing,1807227251,city,0.0,0.0
Gordon,0,1,-,2025-04-11,That Thing,1807227251,city,0.0,0.0
Greenville,0,1,-,2025-04-11,That Thing,1807227251,city,0.0,0.0
Heerenveen,0,1,-,2025-04-11,That Thing,1807227251,city,0.0,0.0
Lancaster,0,1,-,2025-04-11,That Thing,1807227251,city,0.0,0.0
Las Vegas,0,1,-,2025-04-11,That Thing,1807227251,city,0.0,0.0
Leeds,0,1,-,2025-04-11,That Thing,1807227251,city,0.0,0.0
Loveland,0,1,-,2025-04-11,That Thing,1807227251,city,0.0,0.0
Malmö,0,1,-,2025-04-11,That Thing,1807227251,city,0.0,0.0
Marshalltown,0,1,-,2025-04-11,That Thing,1807227251,city,0.0,0.0
Melbourne,0,1,-,2025-04-11,That Thing,1807227251,city,0.0,0.0
Mesa,2,1,-50%,2025-04-11,That Thing,1807227251,city,0.0,0.0
Milwaukee,0,1,-,2025-04-11,That Thing,1807227251,city,0.0,0.0
Minneapolis,0,1,-,2025-04-11,That Thing,1807227251,city,0.0,0.0
Missoula,0,1,-,2025-04-11,That Thing,1807227251,city,0.0,0.0
Nashville,0,1,-,2025-04-11,That Thing,1807227251,city,0.0,0.0
New Haven,0,1,-,2025-04-11,That Thing,1807227251,city,0.0,0.0
Newburgh,0,1,-,2025-04-11,That Thing,1807227251,city,0.0,0.0
Norfolk,0,1,-,2025-04-11,That Thing,1807227251,city,0.0,0.0
Osaka,0,1,-,2025-04-11,That Thing,1807227251,city,0.0,0.0
Palma,0,1,-,2025-04-11,That Thing,1807227251,city,0.0,0.0
Paris,0,1,-,2025-04-11,That Thing,1807227251,city,0.0,0.0
Pittsburgh,0,1,-,2025-04-11,That Thing,1807227251,city,0.0,0.0
Provo,0,1,-,2025-04-11,That Thing,1807227251,city,0.0,0.0
Regina,0,1,-,2025-04-11,That Thing,1807227251,city,0.0,0.0
Rennes,0,1,-,2025-04-11,That Thing,1807227251,city,0.0,0.0
Richmond,0,1,-,2025-04-11,That Thing,1807227251,city,0.0,0.0
Riverside,0,1,-,2025-04-11,That Thing,1807227251,city,0.0,0.0
Roanoke,1,1,0%,2025-04-11,That Thing,1807227251,city,0.0,0.0
Sacramento,0,1,-,2025-04-11,That Thing,1807227251,city,0.0,0.0
San Luis Obispo,0,1,-,2025-04-11,That Thing,1807227251,city,0.0,0.0
Sarnia,0,1,-,2025-04-11,That Thing,1807227251,city,0.0,0.0
Seattle,1,1,0%,2025-04-11,That Thing,1807227251,city,0.0,0.0
Sherbrooke,0,1,-,2025-04-11,That Thing,1807227251,city,0.0,0.0
Spokane,0,1,-,2025-04-11,That Thing,1807227251,city,0.0,0.0
St. Louis,0,1,-,2025-04-11,That Thing,1807227251,city,0.0,0.0
Taipei,0,1,-,2025-04-11,That Thing,1807227251,city,0.0,0.0
Thousand Oaks,0,1,-,2025-04-11,That Thing,1807227251,city,0.0,0.0
Toms River,0,1,-,2025-04-11,That Thing,1807227251,city,0.0,0.0
Victoria,0,1,-,2025-04-11,That Thing,1807227251,city,0.0,0.0
Wellington,0,1,-,2025-04-11,That Thing,1807227251,city,0.0,0.0
Winnipeg,1,1,0%,2025-04-11,That Thing,1807227251,city,0.0,0.0
Worcester,0,1,-,2025-04-11,That Thing,1807227251,city,0.0,0.0
Zürich,0,1,-,2025-04-11,That Thing,1807227251,city,0.0,0.0
Ōita,0,1,-,2025-04-11,That Thing,1807227251,city,0.0,0.0
Amsterdam,2,0,-100%,2025-04-11,That Thing,1807227251,city,-1.0,-100.0
Baltimore,1,0,-100%,2025-04-11,That Thing,1807227251,city,0.0,
Belfast,1,0,-100%,2025-04-11,That Thing,1807227251,city,0.0,
Buffalo,1,0,-100%,2025-04-11,That Thing,1807227251,city,0.0,
Halifax,1,0,-100%,2025-04-11,That Thing,1807227251,city,0.0,
Manchester,1,0,-100%,2025-04-11,That Thing,1807227251,city,0.0,
Morgantown,1,0,-100%,2025-04-11,That Thing,1807227251,city,0.0,
Philadelphia,1,0,-100%,2025-04-11,That Thing,1807227251,city,0.0,
Pécs,1,0,-100%,2025-04-11,That Thing,1807227251,city,0.0,
Rochester,1,0,-100%,2025-04-11,That Thing,1807227251,city,0.0,
San Diego,1,0,-100%,2025-04-11,That Thing,1807227251,city,0.0,
Seoul,1,0,-100%,2025-04-11,That Thing,1807227251,city,0.0,
Tacoma,3,0,-100%,2025-04-11,That Thing,1807227251,city,0.0,
Wichita,1,0,-100%,2025-04-11,That Thing,1807227251,city,0.0,
