city,song,song_id,release_date,peak_date,peak_streams,peak_listeners,weeks_to_peak,is_still_growing,peaked_first_week
Adelaide,Althea,1748029276,2024-06-21,2024-07-12,2,0,3.0,False,False
Adelaide,That Thing,1807227251,2025-03-21,2025-04-25,1,0,5.0,False,False
Allentown,Althea,1748029276,2024-06-21,2024-06-21,2,0,0.0,False,True
Allentown,That Thing,1807227251,2025-03-21,2025-03-28,2,0,1.0,False,False
Birmingham,Althea,1748029276,2024-06-21,2024-06-21,8,0,0.0,False,True
Brasília,The Way That It Was,1711474242,2023-11-10,2024-09-27,1,0,46.0,False,False
Brasília,Althea,1748029276,2024-06-21,2025-04-11,1,0,42.0,False,False
Charlotte,Althea,1748029276,2024-06-21,2024-06-21,12,0,0.0,False,True
Charlotte,The Way That It Was,1711474242,2023-11-10,2024-09-13,1,0,44.0,False,False
Charlotte,All In,1711474237,2023-11-10,2024-08-09,1,0,39.0,False,False
Charlotte,That Thing,1807227251,2025-03-21,2025-03-28,6,0,1.0,False,False
Charlotte,Slipping Away,1711474243,2023-11-10,2024-09-13,1,0,44.0,False,False
Charlotte,Holding On,1711474240,2023-11-10,2024-04-12,1,0,22.0,False,False
Cincinnati,Althea,1748029276,2024-06-21,2024-06-21,5,0,0.0,False,True
Cincinnati,That Thing,1807227251,2025-03-21,2025-03-28,2,0,1.0,False,False
Cincinnati,All In,1711474237,2023-11-10,2024-03-01,1,0,,True,False
Dallas,Cycles,1711474233,2023-11-10,2023-11-10,2,0,0.0,False,True
Dallas,That Thing,1807227251,2025-03-21,2025-03-21,6,0,0.0,False,True
Dallas,Althea,1748029276,2024-06-21,2024-06-21,14,0,0.0,False,True
Dallas,Holding On,1711474240,2023-11-10,2024-05-24,1,0,28.0,False,False
Dallas,Crash,1711474239,2023-11-10,2024-04-05,1,0,21.0,False,False
Dallas,All In,1711474237,2023-11-10,2024-01-19,1,0,10.0,False,False
Dallas,The Way That It Was,1711474242,2023-11-10,2024-04-05,1,0,21.0,False,False
Dallas,Slipping Away,1711474243,2023-11-10,2024-06-21,1,0,32.0,False,False
Dallas,Kid,1711474235,2023-11-10,2024-04-05,1,0,21.0,False,False
Gunnison,Holding On,1711474240,2023-11-10,2024-09-13,1,0,44.0,False,False
Gunnison,Slipping Away,1711474243,2023-11-10,2023-11-10,3,0,0.0,False,True
Gunnison,The Way That It Was,1711474242,2023-11-10,2024-09-20,2,0,45.0,False,False
Gunnison,What Home Is,1711474234,2023-11-10,2023-11-10,2,0,0.0,False,True
Gunnison,Cycles,1711474233,2023-11-10,2023-11-10,3,0,0.0,False,True
Gunnison,Kid,1711474235,2023-11-10,2023-11-10,1,0,0.0,False,True
Gunnison,All In,1711474237,2023-11-10,2024-01-19,1,0,10.0,False,False
Gunnison,Crash,1711474239,2023-11-10,2023-11-10,2,0,0.0,False,True
Gunnison,Easy,1711474241,2023-11-10,2024-09-20,1,0,45.0,False,False
Paris,Althea,1748029276,2024-06-21,2024-06-21,7,0,0.0,False,True
Paris,Crash,1711474239,2023-11-10,2023-12-22,1,0,6.0,False,False
Paris,Cycles,1711474233,2023-11-10,2023-12-22,2,0,6.0,False,False
Paris,The Way That It Was,1711474242,2023-11-10,2024-04-05,1,0,21.0,False,False
Paris,That Thing,1807227251,2025-03-21,2025-04-11,1,0,3.0,False,False
Paris,All In,1711474237,2023-11-10,2023-12-22,3,0,6.0,False,False
Paris,What Home Is,1711474234,2023-11-10,2023-12-22,1,0,6.0,False,False
Paris,Breaking Me Down,1807227249,2025-04-25,2025-05-02,2,0,1.0,False,False
Paris,Slipping Away,1711474243,2023-11-10,2023-12-22,1,0,6.0,False,False
Paris,Holding On,1711474240,2023-11-10,2023-12-22,2,0,6.0,False,False
Paris,Kid,1711474235,2023-11-10,2023-12-22,2,0,6.0,False,False
Tokyo,Althea,1748029276,2024-06-21,2024-06-21,5,0,0.0,False,True
Tokyo,That Thing,1807227251,2025-03-21,2025-04-18,9,0,4.0,False,False
Tokyo,What Home Is,1711474234,2023-11-10,2023-11-24,4,0,2.0,False,False
Tokyo,Cycles,1711474233,2023-11-10,2023-11-24,9,0,2.0,False,False
Tokyo,Easy,1711474241,2023-11-10,2024-03-22,2,0,19.0,False,False
Tokyo,The Way That It Was,1711474242,2023-11-10,2024-04-05,1,0,21.0,False,False
Tokyo,Holding On,1711474240,2023-11-10,2023-11-24,4,0,2.0,False,False
Tokyo,All In,1711474237,2023-11-10,2023-11-24,4,0,2.0,False,False
Tokyo,Crash,1711474239,2023-11-10,2023-11-24,4,0,2.0,False,False
Tokyo,Kid,1711474235,2023-11-10,2023-11-24,4,0,2.0,False,False
Tokyo,Slipping Away,1711474243,2023-11-10,2023-12-01,1,0,3.0,False,False
Toronto,Althea,1748029276,2024-06-21,2024-06-21,17,0,0.0,False,True
Toronto,What Home Is,1711474234,2023-11-10,2023-11-17,1,0,1.0,False,False
Toronto,That Thing,1807227251,2025-03-21,2025-03-21,5,0,0.0,False,True
Toronto,Cycles,1711474233,2023-11-10,2023-11-17,1,0,1.0,False,False
Toronto,The Way That It Was,1711474242,2023-11-10,2023-11-17,2,0,1.0,False,False
Toronto,Holding On,1711474240,2023-11-10,2023-11-17,2,0,1.0,False,False
Toronto,Kid,1711474235,2023-11-10,2023-11-17,1,0,1.0,False,False
Toronto,Crash,1711474239,2023-11-10,2023-11-17,2,0,1.0,False,False
Toronto,All In,1711474237,2023-11-10,2023-11-17,2,0,1.0,False,False
Toronto,Slipping Away,1711474243,2023-11-10,2023-11-17,2,0,1.0,False,False
Toronto,Easy,1711474241,2023-11-10,2023-11-17,2,0,1.0,False,False
Toronto,Breaking Me Down,1807227249,2025-04-25,2025-05-02,1,0,1.0,False,False
Baltimore,Althea,1748029276,2024-06-21,2024-06-21,5,0,0.0,False,True
Baltimore,That Thing,1807227251,2025-03-21,2025-03-21,3,0,0.0,False,True
Baltimore,Cycles,1711474233,2023-11-10,2023-11-10,1,0,0.0,False,True
Baltimore,Slipping Away,1711474243,2023-11-10,2024-03-29,1,0,20.0,False,False
Baltimore,Breaking Me Down,1807227249,2025-04-25,2025-05-09,1,0,,True,False
Baltimore,Holding On,1711474240,2023-11-10,2024-02-02,1,0,12.0,False,False
Baton Rouge,Althea,1748029276,2024-06-21,2025-01-31,1,0,32.0,False,False
Baton Rouge,That Thing,1807227251,2025-03-21,2025-04-18,2,0,4.0,False,False
Calgary,Althea,1748029276,2024-06-21,2024-06-21,4,0,0.0,False,True
Calgary,That Thing,1807227251,2025-03-21,2025-04-25,2,0,5.0,False,False
Calgary,Holding On,1711474240,2023-11-10,2024-03-15,1,0,18.0,False,False
Chicago,Kid,1711474235,2023-11-10,2023-12-15,4,0,5.0,False,False
Chicago,What Home Is,1711474234,2023-11-10,2023-12-15,4,0,5.0,False,False
Chicago,Cycles,1711474233,2023-11-10,2023-12-15,5,0,5.0,False,False
Chicago,That Thing,1807227251,2025-03-21,2025-04-11,9,0,3.0,False,False
Chicago,Althea,1748029276,2024-06-21,2024-06-21,22,0,0.0,False,True
Chicago,Slipping Away,1711474243,2023-11-10,2023-12-15,4,0,5.0,False,False
Chicago,Crash,1711474239,2023-11-10,2023-12-15,3,0,5.0,False,False
Chicago,The Way That It Was,1711474242,2023-11-10,2023-12-29,4,0,7.0,False,False
Chicago,Holding On,1711474240,2023-11-10,2024-04-19,7,0,23.0,False,False
Chicago,Easy,1711474241,2023-11-10,2023-12-15,4,0,5.0,False,False
Chicago,All In,1711474237,2023-11-10,2023-12-15,4,0,5.0,False,False
Chicago,Breaking Me Down,1807227249,2025-04-25,2025-05-09,1,0,,True,False
Denver,Holding On,1711474240,2023-11-10,2024-09-20,18,0,45.0,False,False
Denver,Althea,1748029276,2024-06-21,2024-06-21,29,0,0.0,False,True
Denver,Slipping Away,1711474243,2023-11-10,2024-09-20,17,0,45.0,False,False
Denver,The Way That It Was,1711474242,2023-11-10,2024-09-20,17,0,45.0,False,False
Denver,What Home Is,1711474234,2023-11-10,2024-09-20,19,0,45.0,False,False
Denver,Cycles,1711474233,2023-11-10,2024-09-20,19,0,45.0,False,False
Denver,That Thing,1807227251,2025-03-21,2025-03-21,20,0,0.0,False,True
Denver,Kid,1711474235,2023-11-10,2024-09-20,19,0,45.0,False,False
Denver,Crash,1711474239,2023-11-10,2024-09-20,19,0,45.0,False,False
Denver,All In,1711474237,2023-11-10,2024-09-20,20,0,45.0,False,False
Denver,Easy,1711474241,2023-11-10,2024-09-20,18,0,45.0,False,False
Denver,Breaking Me Down,1807227249,2025-04-25,2025-04-25,2,0,0.0,False,True
Detroit,Althea,1748029276,2024-06-21,2024-06-21,8,0,0.0,False,True
Detroit,That Thing,1807227251,2025-03-21,2025-04-11,4,0,3.0,False,False
Detroit,Cycles,1711474233,2023-11-10,2023-12-15,1,0,5.0,False,False
Houston,What Home Is,1711474234,2023-11-10,2023-11-10,1,0,0.0,False,True
Houston,That Thing,1807227251,2025-03-21,2025-04-11,3,0,3.0,False,False
Houston,Cycles,1711474233,2023-11-10,2023-11-10,1,0,0.0,False,True
Houston,Kid,1711474235,2023-11-10,2023-11-10,1,0,0.0,False,True
Houston,Althea,1748029276,2024-06-21,2024-06-21,9,0,0.0,False,True
Houston,Slipping Away,1711474243,2023-11-10,2023-11-10,1,0,0.0,False,True
Houston,Crash,1711474239,2023-11-10,2023-11-10,1,0,0.0,False,True
Houston,Breaking Me Down,1807227249,2025-04-25,2025-05-09,1,0,,True,False
Houston,Holding On,1711474240,2023-11-10,2023-12-08,1,0,4.0,False,False
Houston,All In,1711474237,2023-11-10,2023-11-10,1,0,0.0,False,True
Kansas City,What Home Is,1711474234,2023-11-10,2024-03-08,1,0,17.0,False,False
Kansas City,The Way That It Was,1711474242,2023-11-10,2023-12-22,1,0,6.0,False,False
Kansas City,Althea,1748029276,2024-06-21,2024-06-21,9,0,0.0,False,True
Kansas City,That Thing,1807227251,2025-03-21,2025-04-11,2,0,3.0,False,False
Kansas City,Cycles,1711474233,2023-11-10,2023-11-24,2,0,2.0,False,False
Montréal,The Way That It Was,1711474242,2023-11-10,2024-10-25,2,0,50.0,False,False
Montréal,Althea,1748029276,2024-06-21,2024-06-21,3,0,0.0,False,True
Montréal,Slipping Away,1711474243,2023-11-10,2024-10-25,2,0,50.0,False,False
Montréal,Kid,1711474235,2023-11-10,2024-10-25,4,0,50.0,False,False
Montréal,That Thing,1807227251,2025-03-21,2025-03-28,2,0,1.0,False,False
Montréal,Cycles,1711474233,2023-11-10,2024-10-25,5,0,50.0,False,False
Montréal,What Home Is,1711474234,2023-11-10,2024-10-25,4,0,50.0,False,False
Montréal,Crash,1711474239,2023-11-10,2024-10-25,4,0,50.0,False,False
Montréal,All In,1711474237,2023-11-10,2024-10-25,4,0,50.0,False,False
Montréal,Easy,1711474241,2023-11-10,2024-10-25,3,0,50.0,False,False
Montréal,Holding On,1711474240,2023-11-10,2024-10-25,4,0,50.0,False,False
Nashville,What Home Is,1711474234,2023-11-10,2023-11-17,1,0,1.0,False,False
Nashville,That Thing,1807227251,2025-03-21,2025-03-21,4,0,0.0,False,True
Nashville,Cycles,1711474233,2023-11-10,2023-11-17,1,0,1.0,False,False
Nashville,Holding On,1711474240,2023-11-10,2023-11-17,1,0,1.0,False,False
Nashville,Kid,1711474235,2023-11-10,2023-11-17,1,0,1.0,False,False
Nashville,All In,1711474237,2023-11-10,2023-11-17,1,0,1.0,False,False
Nashville,Althea,1748029276,2024-06-21,2024-06-21,19,0,0.0,False,True
Nashville,Breaking Me Down,1807227249,2025-04-25,2025-05-09,1,0,,True,False
Nashville,Crash,1711474239,2023-11-10,2023-11-17,1,0,1.0,False,False
New York City,Holding On,1711474240,2023-11-10,2024-01-26,2,0,11.0,False,False
New York City,The Way That It Was,1711474242,2023-11-10,2025-01-10,2,0,61.0,False,False
New York City,Cycles,1711474233,2023-11-10,2024-08-02,4,0,38.0,False,False
New York City,Slipping Away,1711474243,2023-11-10,2024-01-12,2,0,9.0,False,False
New York City,Kid,1711474235,2023-11-10,2024-02-02,5,0,12.0,False,False
New York City,What Home Is,1711474234,2023-11-10,2024-02-02,4,0,12.0,False,False
New York City,Easy,1711474241,2023-11-10,2024-08-02,2,0,38.0,False,False
New York City,Althea,1748029276,2024-06-21,2024-06-21,18,0,0.0,False,True
New York City,That Thing,1807227251,2025-03-21,2025-03-28,9,0,1.0,False,False
New York City,Crash,1711474239,2023-11-10,2024-02-02,3,0,12.0,False,False
New York City,All In,1711474237,2023-11-10,2025-02-28,4,0,68.0,False,False
New York City,Breaking Me Down,1807227249,2025-04-25,2025-04-25,3,0,0.0,False,True
Philadelphia,Slipping Away,1711474243,2023-11-10,2024-09-20,2,0,45.0,False,False
Philadelphia,The Way That It Was,1711474242,2023-11-10,2024-09-20,1,0,45.0,False,False
Philadelphia,Kid,1711474235,2023-11-10,2024-09-20,1,0,45.0,False,False
Philadelphia,That Thing,1807227251,2025-03-21,2025-03-21,3,0,0.0,False,True
Philadelphia,Cycles,1711474233,2023-11-10,2024-10-11,2,0,48.0,False,False
Philadelphia,Althea,1748029276,2024-06-21,2024-07-12,4,0,3.0,False,False
Philadelphia,What Home Is,1711474234,2023-11-10,2024-09-20,1,0,45.0,False,False
Philadelphia,Crash,1711474239,2023-11-10,2024-09-20,1,0,45.0,False,False
Philadelphia,Holding On,1711474240,2023-11-10,2025-04-18,1,0,75.0,False,False
Philadelphia,Easy,1711474241,2023-11-10,2025-04-18,1,0,75.0,False,False
Philadelphia,All In,1711474237,2023-11-10,2025-04-18,1,0,75.0,False,False
Portland,Althea,1748029276,2024-06-21,2024-06-21,30,0,0.0,False,True
Portland,That Thing,1807227251,2025-03-21,2025-03-28,5,0,1.0,False,False
Portland,Cycles,1711474233,2023-11-10,2025-01-17,2,0,62.0,False,False
Portland,Holding On,1711474240,2023-11-10,2024-04-19,2,0,23.0,False,False
Portland,Breaking Me Down,1807227249,2025-04-25,2025-05-02,1,0,1.0,False,False
Salt Lake City,Althea,1748029276,2024-06-21,2024-06-21,8,0,0.0,False,True
Salt Lake City,Crash,1711474239,2023-11-10,2025-04-11,1,0,74.0,False,False
Salt Lake City,All In,1711474237,2023-11-10,2024-10-18,2,0,49.0,False,False
Salt Lake City,That Thing,1807227251,2025-03-21,2025-03-21,5,0,0.0,False,True
Salt Lake City,What Home Is,1711474234,2023-11-10,2024-08-16,18,0,40.0,False,False
Salt Lake City,Cycles,1711474233,2023-11-10,2024-04-12,1,0,22.0,False,False
Salt Lake City,Easy,1711474241,2023-11-10,2025-04-04,1,0,73.0,False,False
Salt Lake City,Kid,1711474235,2023-11-10,2025-05-09,1,0,,True,False
San Diego,Althea,1748029276,2024-06-21,2024-08-23,3,0,9.0,False,False
San Diego,That Thing,1807227251,2025-03-21,2025-03-21,2,0,0.0,False,True
San Diego,Breaking Me Down,1807227249,2025-04-25,2025-05-09,1,0,,True,False
Seoul,Althea,1748029276,2024-06-21,2024-07-19,1,0,4.0,False,False
Seoul,That Thing,1807227251,2025-03-21,2025-04-04,1,0,2.0,False,False
Sydney,Althea,1748029276,2024-06-21,2024-06-21,3,0,0.0,False,True
Sydney,That Thing,1807227251,2025-03-21,2025-03-28,3,0,1.0,False,False
Vancouver,That Thing,1807227251,2025-03-21,2025-03-21,6,0,0.0,False,True
Vancouver,Cycles,1711474233,2023-11-10,2023-11-10,0,0,,True,False
Vancouver,Althea,1748029276,2024-06-21,2024-06-21,15,0,0.0,False,True
Vancouver,Holding On,1711474240,2023-11-10,2024-03-08,1,0,17.0,False,False
West Chester,Althea,1748029276,2024-06-21,2024-07-12,4,0,3.0,False,False
Albuquerque,Slipping Away,1711474243,2023-11-10,2023-11-10,3,0,0.0,False,True
Albuquerque,What Home Is,1711474234,2023-11-10,2023-11-10,2,0,0.0,False,True
Albuquerque,That Thing,1807227251,2025-03-21,2025-03-21,1,0,0.0,False,True
Albuquerque,Cycles,1711474233,2023-11-10,2023-11-10,2,0,0.0,False,True
Albuquerque,Kid,1711474235,2023-11-10,2023-11-10,2,0,0.0,False,True
Albuquerque,The Way That It Was,1711474242,2023-11-10,2023-11-10,6,0,0.0,False,True
Albuquerque,Althea,1748029276,2024-06-21,2024-07-19,2,0,4.0,False,False
Albuquerque,All In,1711474237,2023-11-10,2023-11-10,1,0,0.0,False,True
Albuquerque,Holding On,1711474240,2023-11-10,2023-11-10,2,0,0.0,False,True
Albuquerque,Easy,1711474241,2023-11-10,2023-11-10,1,0,0.0,False,True
Halifax,What Home Is,1711474234,2023-11-10,2024-05-03,1,0,25.0,False,False
Halifax,Cycles,1711474233,2023-11-10,2024-01-12,1,0,9.0,False,False
Halifax,Althea,1748029276,2024-06-21,2024-07-12,2,0,3.0,False,False
Halifax,That Thing,1807227251,2025-03-21,2025-04-18,1,0,4.0,False,False
Burlington,What Home Is,1711474234,2023-11-10,2023-11-10,1,0,0.0,False,True
Burlington,That Thing,1807227251,2025-03-21,2025-03-21,2,0,0.0,False,True
Burlington,Cycles,1711474233,2023-11-10,2023-11-10,1,0,0.0,False,True
Burlington,Kid,1711474235,2023-11-10,2023-11-10,2,0,0.0,False,True
Burlington,All In,1711474237,2023-11-10,2024-01-12,1,0,9.0,False,False
Burlington,The Way That It Was,1711474242,2023-11-10,2024-01-05,1,0,8.0,False,False
Burlington,Althea,1748029276,2024-06-21,2024-11-08,1,0,20.0,False,False
Seattle,Althea,1748029276,2024-06-21,2024-06-21,20,0,0.0,False,True
Seattle,That Thing,1807227251,2025-03-21,2025-03-21,9,0,0.0,False,True
Seattle,Cycles,1711474233,2023-11-10,2024-03-08,2,0,17.0,False,False
Seattle,Holding On,1711474240,2023-11-10,2024-12-06,2,0,56.0,False,False
Seattle,Breaking Me Down,1807227249,2025-04-25,2025-05-02,2,0,1.0,False,False
Seattle,What Home Is,1711474234,2023-11-10,2025-04-11,1,0,74.0,False,False
Seattle,All In,1711474237,2023-11-10,2024-01-05,1,0,8.0,False,False
São Paulo,Holding On,1711474240,2023-11-10,2024-09-13,2,0,44.0,False,False
São Paulo,Althea,1748029276,2024-06-21,2024-09-06,1,0,11.0,False,False
São Paulo,All In,1711474237,2023-11-10,2025-01-24,1,0,63.0,False,False
São Paulo,Kid,1711474235,2023-11-10,2025-03-14,1,0,70.0,False,False
São Paulo,What Home Is,1711474234,2023-11-10,2025-02-28,1,0,68.0,False,False
São Paulo,Slipping Away,1711474243,2023-11-10,2024-07-05,1,0,34.0,False,False
São Paulo,Easy,1711474241,2023-11-10,2024-09-06,1,0,43.0,False,False
São Paulo,The Way That It Was,1711474242,2023-11-10,2025-02-07,1,0,65.0,False,False
São Paulo,Cycles,1711474233,2023-11-10,2024-08-09,1,0,39.0,False,False
"Washington, D.C.",That Thing,1807227251,2025-03-21,2025-03-21,3,0,0.0,False,True
"Washington, D.C.",What Home Is,1711474234,2023-11-10,2024-03-01,1,0,16.0,False,False
"Washington, D.C.",Cycles,1711474233,2023-11-10,2024-03-01,3,0,16.0,False,False
"Washington, D.C.",The Way That It Was,1711474242,2023-11-10,2024-03-01,2,0,16.0,False,False
"Washington, D.C.",Althea,1748029276,2024-06-21,2024-06-21,5,0,0.0,False,True
"Washington, D.C.",Crash,1711474239,2023-11-10,2024-11-22,1,0,54.0,False,False
"Washington, D.C.",Holding On,1711474240,2023-11-10,2024-11-22,1,0,54.0,False,False
"Washington, D.C.",Easy,1711474241,2023-11-10,2024-11-22,1,0,54.0,False,False
"Washington, D.C.",Slipping Away,1711474243,2023-11-10,2024-11-22,1,0,54.0,False,False
"Washington, D.C.",All In,1711474237,2023-11-10,2024-03-01,1,0,,True,False
Austin,Althea,1748029276,2024-06-21,2024-07-19,4,0,4.0,False,False
Austin,That Thing,1807227251,2025-03-21,2025-03-21,3,0,0.0,False,True
Austin,Cycles,1711474233,2023-11-10,2024-02-16,2,0,14.0,False,False
Austin,Kid,1711474235,2023-11-10,2024-02-16,2,0,14.0,False,False
Austin,Crash,1711474239,2023-11-10,2024-02-16,2,0,14.0,False,False
Austin,All In,1711474237,2023-11-10,2024-02-16,1,0,14.0,False,False
Austin,What Home Is,1711474234,2023-11-10,2024-02-16,2,0,14.0,False,False
Austin,Easy,1711474241,2023-11-10,2024-02-16,1,0,14.0,False,False
Austin,The Way That It Was,1711474242,2023-11-10,2024-02-16,1,0,14.0,False,False
Austin,Slipping Away,1711474243,2023-11-10,2024-02-16,1,0,14.0,False,False
Austin,Holding On,1711474240,2023-11-10,2024-02-16,1,0,14.0,False,False
Hartford,What Home Is,1711474234,2023-11-10,2023-11-17,1,0,1.0,False,False
Hartford,That Thing,1807227251,2025-03-21,2025-04-11,5,0,3.0,False,False
Hartford,Cycles,1711474233,2023-11-10,2023-11-17,1,0,1.0,False,False
Hartford,Holding On,1711474240,2023-11-10,2024-08-30,1,0,42.0,False,False
Hartford,The Way That It Was,1711474242,2023-11-10,2023-11-17,1,0,1.0,False,False
Hartford,Althea,1748029276,2024-06-21,2024-06-21,4,0,0.0,False,True
Hartford,Kid,1711474235,2023-11-10,2023-11-17,1,0,1.0,False,False
Hartford,All In,1711474237,2023-11-10,2023-11-17,1,0,1.0,False,False
Hartford,Crash,1711474239,2023-11-10,2024-11-08,1,0,52.0,False,False
Hartford,Slipping Away,1711474243,2023-11-10,2023-11-17,1,0,1.0,False,False
Hartford,Easy,1711474241,2023-11-10,2024-11-15,1,0,53.0,False,False
North Myrtle Beach,Althea,1748029276,2024-06-21,2025-03-07,2,0,37.0,False,False
North Myrtle Beach,Holding On,1711474240,2023-11-10,2025-01-03,1,0,60.0,False,False
Spokane,Althea,1748029276,2024-06-21,2024-06-21,2,0,0.0,False,True
Spokane,That Thing,1807227251,2025-03-21,2025-04-11,1,0,3.0,False,False
Spokane,All In,1711474237,2023-11-10,2024-03-15,0,0,,True,False
Atlanta,Althea,1748029276,2024-06-21,2024-06-21,18,0,0.0,False,True
Atlanta,Cycles,1711474233,2023-11-10,2025-05-02,1,0,77.0,False,False
Atlanta,That Thing,1807227251,2025-03-21,2025-03-28,14,0,1.0,False,False
Atlanta,Crash,1711474239,2023-11-10,2024-11-22,1,0,54.0,False,False
Atlanta,What Home Is,1711474234,2023-11-10,2025-04-04,1,0,73.0,False,False
Atlanta,All In,1711474237,2023-11-10,2024-08-16,1,0,40.0,False,False
Atlanta,Breaking Me Down,1807227249,2025-04-25,2025-05-02,1,0,1.0,False,False
Atlanta,Kid,1711474235,2023-11-10,2024-08-16,1,0,40.0,False,False
Johannesburg,Althea,1748029276,2024-06-21,2024-06-21,2,0,0.0,False,True
Johannesburg,That Thing,1807227251,2025-03-21,2025-03-28,5,0,1.0,False,False
Los Angeles,Althea,1748029276,2024-06-21,2024-06-21,18,0,0.0,False,True
Los Angeles,That Thing,1807227251,2025-03-21,2025-03-28,7,0,1.0,False,False
Los Angeles,Cycles,1711474233,2023-11-10,2024-10-18,3,0,49.0,False,False
Los Angeles,Crash,1711474239,2023-11-10,2023-12-15,1,0,5.0,False,False
Los Angeles,The Way That It Was,1711474242,2023-11-10,2023-12-15,1,0,5.0,False,False
Los Angeles,All In,1711474237,2023-11-10,2025-02-07,1,0,65.0,False,False
Los Angeles,What Home Is,1711474234,2023-11-10,2023-12-15,1,0,5.0,False,False
Los Angeles,Easy,1711474241,2023-11-10,2023-12-15,1,0,5.0,False,False
Los Angeles,Holding On,1711474240,2023-11-10,2023-12-15,4,0,5.0,False,False
Los Angeles,Kid,1711474235,2023-11-10,2023-12-15,1,0,5.0,False,False
Madrid,Slipping Away,1711474243,2023-11-10,2024-12-27,1,0,59.0,False,False
Madrid,The Way That It Was,1711474242,2023-11-10,2025-02-28,1,0,68.0,False,False
Madrid,Althea,1748029276,2024-06-21,2024-06-21,3,0,0.0,False,True
Madrid,What Home Is,1711474234,2023-11-10,2025-02-07,1,0,65.0,False,False
Madrid,Cycles,1711474233,2023-11-10,2025-02-07,1,0,65.0,False,False
Madrid,Kid,1711474235,2023-11-10,2025-02-07,1,0,65.0,False,False
Miami,That Thing,1807227251,2025-03-21,2025-05-09,2,0,,True,False
Miami,Cycles,1711474233,2023-11-10,2023-11-17,1,0,1.0,False,False
Miami,Althea,1748029276,2024-06-21,2024-06-21,6,0,0.0,False,True
Milwaukee,Cycles,1711474233,2023-11-10,2024-06-28,1,0,33.0,False,False
Milwaukee,That Thing,1807227251,2025-03-21,2025-03-28,3,0,1.0,False,False
Milwaukee,The Way That It Was,1711474242,2023-11-10,2024-06-28,1,0,33.0,False,False
Milwaukee,Althea,1748029276,2024-06-21,2024-06-21,4,0,0.0,False,True
Milwaukee,Slipping Away,1711474243,2023-11-10,2024-07-05,2,0,34.0,False,False
Minneapolis,That Thing,1807227251,2025-03-21,2025-03-21,5,0,0.0,False,True
Minneapolis,Althea,1748029276,2024-06-21,2024-10-04,18,0,15.0,False,False
Norfolk,That Thing,1807227251,2025-03-21,2025-03-21,1,0,0.0,False,True
Norfolk,Holding On,1711474240,2023-11-10,2024-08-23,1,0,41.0,False,False
Norfolk,Althea,1748029276,2024-06-21,2024-12-27,1,0,27.0,False,False
Oklahoma City,That Thing,1807227251,2025-03-21,2025-03-28,3,0,1.0,False,False
Oklahoma City,Althea,1748029276,2024-06-21,2024-06-21,5,0,0.0,False,True
Roanoke,Althea,1748029276,2024-06-21,2024-06-21,2,0,0.0,False,True
Roanoke,That Thing,1807227251,2025-03-21,2025-03-28,4,0,1.0,False,False
San Antonio,That Thing,1807227251,2025-03-21,2025-03-28,3,0,1.0,False,False
San Antonio,Kid,1711474235,2023-11-10,2024-03-01,1,0,16.0,False,False
San Antonio,Althea,1748029276,2024-06-21,2024-06-21,3,0,0.0,False,True
San Antonio,Breaking Me Down,1807227249,2025-04-25,2025-05-09,2,0,,True,False
Sheboygan,Althea,1748029276,2024-06-21,2024-12-27,1,0,27.0,False,False
The Dalles,Althea,1748029276,2024-06-21,2024-07-12,1,0,3.0,False,False
The Dalles,Cycles,1711474233,2023-11-10,2025-01-17,1,0,62.0,False,False
Brockton,That Thing,1807227251,2025-03-21,2025-03-21,1,0,0.0,False,True
Brockton,Cycles,1711474233,2023-11-10,2025-01-17,1,0,62.0,False,False
Brockton,Althea,1748029276,2024-06-21,2024-06-21,1,0,0.0,False,True
Louisville,Kid,1711474235,2023-11-10,2025-01-17,1,0,62.0,False,False
Louisville,Cycles,1711474233,2023-11-10,2025-01-17,1,0,62.0,False,False
Louisville,Althea,1748029276,2024-06-21,2024-06-21,2,0,0.0,False,True
Louisville,Holding On,1711474240,2023-11-10,2024-04-12,2,0,22.0,False,False
Berlin,Althea,1748029276,2024-06-21,2024-09-06,1,0,11.0,False,False
Berlin,That Thing,1807227251,2025-03-21,2025-03-21,1,0,0.0,False,True
Berlin,Crash,1711474239,2023-11-10,2023-12-15,4,0,5.0,False,False
Berlin,All In,1711474237,2023-11-10,2023-12-08,1,0,4.0,False,False
Berlin,What Home Is,1711474234,2023-11-10,2023-12-15,1,0,5.0,False,False
Berlin,Easy,1711474241,2023-11-10,2023-12-15,1,0,5.0,False,False
Berlin,Slipping Away,1711474243,2023-11-10,2023-12-08,1,0,4.0,False,False
Berlin,Holding On,1711474240,2023-11-10,2023-12-08,4,0,4.0,False,False
Berlin,Kid,1711474235,2023-11-10,2023-12-15,1,0,5.0,False,False
Boston,Althea,1748029276,2024-06-21,2024-10-11,3,0,16.0,False,False
Boston,What Home Is,1711474234,2023-11-10,2024-06-28,1,0,33.0,False,False
Boston,Cycles,1711474233,2023-11-10,2025-01-10,2,0,61.0,False,False
Boston,That Thing,1807227251,2025-03-21,2025-04-11,6,0,3.0,False,False
Boston,Crash,1711474239,2023-11-10,2024-06-28,1,0,33.0,False,False
Boston,The Way That It Was,1711474242,2023-11-10,2023-11-10,1,0,0.0,False,True
Boston,Breaking Me Down,1807227249,2025-04-25,2025-05-02,2,0,1.0,False,False
Boston,Easy,1711474241,2023-11-10,2023-11-10,1,0,0.0,False,True
Des Moines,Althea,1748029276,2024-06-21,2024-09-06,1,0,11.0,False,False
Des Moines,Cycles,1711474233,2023-11-10,2024-05-17,1,0,27.0,False,False
Des Moines,That Thing,1807227251,2025-03-21,2025-04-11,2,0,3.0,False,False
San Jose,Althea,1748029276,2024-06-21,2024-06-21,17,0,0.0,False,True
San Jose,Holding On,1711474240,2023-11-10,2023-12-22,4,0,6.0,False,False
San Jose,That Thing,1807227251,2025-03-21,2025-03-28,5,0,1.0,False,False
San Jose,Cycles,1711474233,2023-11-10,2023-12-29,1,0,7.0,False,False
San Jose,What Home Is,1711474234,2023-11-10,2023-12-29,1,0,7.0,False,False
San Jose,Breaking Me Down,1807227249,2025-04-25,2025-05-02,1,0,1.0,False,False
Santa Rosa,Althea,1748029276,2024-06-21,2024-09-06,1,0,11.0,False,False
Santa Rosa,That Thing,1807227251,2025-03-21,2025-03-21,2,0,0.0,False,True
Syracuse,Althea,1748029276,2024-06-21,2024-06-21,8,0,0.0,False,True
Syracuse,That Thing,1807227251,2025-03-21,2025-03-28,2,0,1.0,False,False
Syracuse,Crash,1711474239,2023-11-10,2024-02-09,1,0,13.0,False,False
Syracuse,Holding On,1711474240,2023-11-10,2024-02-23,1,0,15.0,False,False
Amsterdam,Althea,1748029276,2024-06-21,2024-09-13,1,0,12.0,False,False
Amsterdam,That Thing,1807227251,2025-03-21,2025-04-04,2,0,2.0,False,False
Glasgow,Althea,1748029276,2024-06-21,2024-12-06,2,0,24.0,False,False
Glasgow,That Thing,1807227251,2025-03-21,2025-04-11,2,0,3.0,False,False
Oakland,Althea,1748029276,2024-06-21,2024-06-21,1,0,0.0,False,True
Worcester,Althea,1748029276,2024-06-21,2024-06-21,5,0,0.0,False,True
Worcester,That Thing,1807227251,2025-03-21,2025-03-21,1,0,0.0,False,True
Worcester,Crash,1711474239,2023-11-10,2023-12-22,2,0,6.0,False,False
Worcester,The Way That It Was,1711474242,2023-11-10,2023-12-22,2,0,6.0,False,False
Worcester,All In,1711474237,2023-11-10,2023-12-22,2,0,6.0,False,False
Worcester,What Home Is,1711474234,2023-11-10,2023-12-22,2,0,6.0,False,False
Worcester,Easy,1711474241,2023-11-10,2023-12-22,1,0,6.0,False,False
Worcester,Cycles,1711474233,2023-11-10,2023-12-22,2,0,6.0,False,False
Worcester,Slipping Away,1711474243,2023-11-10,2023-12-22,1,0,6.0,False,False
Worcester,Holding On,1711474240,2023-11-10,2023-12-22,2,0,6.0,False,False
Worcester,Kid,1711474235,2023-11-10,2023-12-22,1,0,6.0,False,False
London,What Home Is,1711474234,2023-11-10,2024-07-05,1,0,34.0,False,False
London,Cycles,1711474233,2023-11-10,2024-07-05,1,0,34.0,False,False
London,That Thing,1807227251,2025-03-21,2025-04-04,5,0,2.0,False,False
London,Kid,1711474235,2023-11-10,2023-11-10,1,0,0.0,False,True
London,Althea,1748029276,2024-06-21,2024-07-12,11,0,3.0,False,False
London,The Way That It Was,1711474242,2023-11-10,2023-11-10,1,0,0.0,False,True
London,Slipping Away,1711474243,2023-11-10,2023-11-10,1,0,0.0,False,True
London,Crash,1711474239,2023-11-10,2023-11-10,1,0,0.0,False,True
London,All In,1711474237,2023-11-10,2024-07-05,1,0,34.0,False,False
London,Holding On,1711474240,2023-11-10,2023-11-10,1,0,0.0,False,True
London,Easy,1711474241,2023-11-10,2023-11-10,1,0,0.0,False,True
Indianapolis,That Thing,1807227251,2025-03-21,2025-03-28,3,0,1.0,False,False
Indianapolis,Althea,1748029276,2024-06-21,2024-06-21,3,0,0.0,False,True
Indianapolis,Cycles,1711474233,2023-11-10,2024-10-11,3,0,48.0,False,False
Indianapolis,Holding On,1711474240,2023-11-10,2023-11-10,1,0,0.0,False,True
Indianapolis,Easy,1711474241,2023-11-10,2023-11-10,1,0,0.0,False,True
Pittsburgh,That Thing,1807227251,2025-03-21,2025-03-21,5,0,0.0,False,True
Pittsburgh,Althea,1748029276,2024-06-21,2024-08-02,2,0,6.0,False,False
Springfield,Althea,1748029276,2024-06-21,2024-10-11,1,0,16.0,False,False
Springfield,Cycles,1711474233,2023-11-10,2024-06-21,1,0,32.0,False,False
Springfield,That Thing,1807227251,2025-03-21,2025-05-02,1,0,6.0,False,False
Springfield,Breaking Me Down,1807227249,2025-04-25,2025-05-02,1,0,1.0,False,False
Bratislava,Cycles,1711474233,2023-11-10,2024-03-15,1,0,18.0,False,False
Bratislava,That Thing,1807227251,2025-03-21,2025-03-28,1,0,1.0,False,False
Helsinki,Althea,1748029276,2024-06-21,2024-06-21,3,0,0.0,False,True
Helsinki,That Thing,1807227251,2025-03-21,2025-03-28,2,0,1.0,False,False
Ithaca,Althea,1748029276,2024-06-21,2025-01-17,1,0,30.0,False,False
Anaheim,Althea,1748029276,2024-06-21,2025-01-17,2,0,30.0,False,False
Anaheim,That Thing,1807227251,2025-03-21,2025-04-11,1,0,3.0,False,False
Anaheim,Breaking Me Down,1807227249,2025-04-25,2025-05-02,1,0,1.0,False,False
Edmonton,That Thing,1807227251,2025-03-21,2025-03-21,2,0,0.0,False,True
Edmonton,Althea,1748029276,2024-06-21,2024-07-12,5,0,3.0,False,False
Osaka,Kid,1711474235,2023-11-10,2023-12-29,1,0,7.0,False,False
Osaka,That Thing,1807227251,2025-03-21,2025-03-21,2,0,0.0,False,True
Osaka,Althea,1748029276,2024-06-21,2024-07-19,5,0,4.0,False,False
Osaka,All In,1711474237,2023-11-10,2023-12-22,1,0,6.0,False,False
Osaka,What Home Is,1711474234,2023-11-10,2024-08-16,1,0,40.0,False,False
Santiago,Crash,1711474239,2023-11-10,2024-08-23,1,0,41.0,False,False
Santiago,The Way That It Was,1711474242,2023-11-10,2024-08-23,1,0,41.0,False,False
Santiago,Slipping Away,1711474243,2023-11-10,2024-08-23,1,0,41.0,False,False
Santiago,What Home Is,1711474234,2023-11-10,2024-08-23,1,0,41.0,False,False
Santiago,Cycles,1711474233,2023-11-10,2024-08-23,1,0,41.0,False,False
Santiago,Kid,1711474235,2023-11-10,2024-08-23,1,0,41.0,False,False
Santiago,Althea,1748029276,2024-06-21,2024-08-23,1,0,9.0,False,False
Santiago,Holding On,1711474240,2023-11-10,2024-08-23,1,0,41.0,False,False
Santiago,Easy,1711474241,2023-11-10,2024-08-23,1,0,41.0,False,False
Santiago,All In,1711474237,2023-11-10,2024-08-23,1,0,41.0,False,False
Daytona Beach,What Home Is,1711474234,2023-11-10,2023-11-10,1,0,0.0,False,True
Daytona Beach,Althea,1748029276,2024-06-21,2025-03-21,1,0,39.0,False,False
Daytona Beach,Slipping Away,1711474243,2023-11-10,2023-11-10,1,0,0.0,False,True
Daytona Beach,That Thing,1807227251,2025-03-21,2025-03-21,2,0,0.0,False,True
Daytona Beach,Cycles,1711474233,2023-11-10,2023-11-10,1,0,0.0,False,True
Daytona Beach,Kid,1711474235,2023-11-10,2023-11-10,1,0,0.0,False,True
Daytona Beach,The Way That It Was,1711474242,2023-11-10,2025-03-21,2,0,71.0,False,False
Daytona Beach,Easy,1711474241,2023-11-10,2025-03-21,1,0,71.0,False,False
Daytona Beach,All In,1711474237,2023-11-10,2025-03-21,1,0,71.0,False,False
Daytona Beach,Crash,1711474239,2023-11-10,2023-11-10,1,0,0.0,False,True
Daytona Beach,Holding On,1711474240,2023-11-10,2023-11-10,1,0,0.0,False,True
Lisbon,Slipping Away,1711474243,2023-11-10,2025-03-14,4,0,70.0,False,False
Lisbon,That Thing,1807227251,2025-03-21,2025-03-21,2,0,0.0,False,True
Lisbon,The Way That It Was,1711474242,2023-11-10,2025-03-14,3,0,70.0,False,False
Lisbon,Kid,1711474235,2023-11-10,2025-03-14,3,0,70.0,False,False
Lisbon,Cycles,1711474233,2023-11-10,2025-03-14,3,0,70.0,False,False
Lisbon,What Home Is,1711474234,2023-11-10,2025-03-14,4,0,70.0,False,False
Lisbon,Easy,1711474241,2023-11-10,2025-03-14,3,0,70.0,False,False
Lisbon,All In,1711474237,2023-11-10,2025-03-14,3,0,70.0,False,False
Lisbon,Crash,1711474239,2023-11-10,2025-03-14,3,0,70.0,False,False
Lisbon,Holding On,1711474240,2023-11-10,2025-03-14,3,0,70.0,False,False
Lisbon,Althea,1748029276,2024-06-21,2025-03-07,1,0,37.0,False,False
St. Louis,What Home Is,1711474234,2023-11-10,2023-11-17,2,0,1.0,False,False
St. Louis,That Thing,1807227251,2025-03-21,2025-03-21,3,0,0.0,False,True
St. Louis,Cycles,1711474233,2023-11-10,2023-11-17,2,0,1.0,False,False
St. Louis,Althea,1748029276,2024-06-21,2024-06-21,15,0,0.0,False,True
St. Louis,The Way That It Was,1711474242,2023-11-10,2023-11-17,1,0,1.0,False,False
St. Louis,Holding On,1711474240,2023-11-10,2023-11-24,1,0,2.0,False,False
St. Louis,Kid,1711474235,2023-11-10,2023-11-17,1,0,1.0,False,False
St. Louis,Crash,1711474239,2023-11-10,2023-11-17,1,0,1.0,False,False
St. Louis,All In,1711474237,2023-11-10,2023-11-24,1,0,2.0,False,False
St. Louis,Slipping Away,1711474243,2023-11-10,2023-11-17,1,0,1.0,False,False
St. Louis,Easy,1711474241,2023-11-10,2023-11-17,1,0,1.0,False,False
Orlando,Althea,1748029276,2024-06-21,2024-06-21,4,0,0.0,False,True
Orlando,That Thing,1807227251,2025-03-21,2025-03-28,6,0,1.0,False,False
Orlando,The Way That It Was,1711474242,2023-11-10,2023-11-17,1,0,1.0,False,False
Orlando,Holding On,1711474240,2023-11-10,2023-11-17,2,0,1.0,False,False
Orlando,Kid,1711474235,2023-11-10,2023-11-17,1,0,1.0,False,False
Orlando,All In,1711474237,2023-11-10,2023-11-17,1,0,1.0,False,False
Orlando,Slipping Away,1711474243,2023-11-10,2023-11-17,1,0,1.0,False,False
Orlando,Easy,1711474241,2023-11-10,2023-11-17,1,0,1.0,False,False
Orlando,Cycles,1711474233,2023-11-10,2025-01-31,1,0,64.0,False,False
Orlando,Crash,1711474239,2023-11-10,2023-11-17,1,0,1.0,False,False
Kingston Upon Hull,What Home Is,1711474234,2023-11-10,2023-11-10,2,0,0.0,False,True
Kingston Upon Hull,Cycles,1711474233,2023-11-10,2023-11-10,2,0,0.0,False,True
Kingston Upon Hull,Kid,1711474235,2023-11-10,2023-11-10,1,0,0.0,False,True
Kingston Upon Hull,The Way That It Was,1711474242,2023-11-10,2023-11-10,1,0,0.0,False,True
Kingston Upon Hull,Slipping Away,1711474243,2023-11-10,2023-11-10,3,0,0.0,False,True
Kingston Upon Hull,Crash,1711474239,2023-11-10,2023-11-10,2,0,0.0,False,True
Kingston Upon Hull,All In,1711474237,2023-11-10,2023-11-10,1,0,0.0,False,True
Kingston Upon Hull,Holding On,1711474240,2023-11-10,2023-11-10,2,0,0.0,False,True
Kingston Upon Hull,Easy,1711474241,2023-11-10,2023-11-10,2,0,0.0,False,True
Las Vegas,What Home Is,1711474234,2023-11-10,2023-11-10,3,0,0.0,False,True
Las Vegas,All In,1711474237,2023-11-10,2023-11-10,2,0,0.0,False,True
Las Vegas,That Thing,1807227251,2025-03-21,2025-03-28,3,0,1.0,False,False
Las Vegas,Cycles,1711474233,2023-11-10,2023-11-10,3,0,0.0,False,True
Las Vegas,Kid,1711474235,2023-11-10,2023-11-10,4,0,0.0,False,True
Las Vegas,Crash,1711474239,2023-11-10,2023-11-10,2,0,0.0,False,True
Las Vegas,Althea,1748029276,2024-06-21,2024-07-19,3,0,4.0,False,False
Las Vegas,Easy,1711474241,2023-11-10,2024-04-12,1,0,22.0,False,False
Las Vegas,Holding On,1711474240,2023-11-10,2023-11-10,2,0,0.0,False,True
Raleigh,What Home Is,1711474234,2023-11-10,2023-11-10,1,0,0.0,False,True
Raleigh,Cycles,1711474233,2023-11-10,2023-11-10,1,0,0.0,False,True
Raleigh,Kid,1711474235,2023-11-10,2023-11-10,1,0,0.0,False,True
Raleigh,The Way That It Was,1711474242,2023-11-10,2023-11-10,1,0,0.0,False,True
Raleigh,Slipping Away,1711474243,2023-11-10,2023-11-10,1,0,0.0,False,True
Raleigh,Crash,1711474239,2023-11-10,2023-11-10,1,0,0.0,False,True
Raleigh,That Thing,1807227251,2025-03-21,2025-03-28,3,0,1.0,False,False
Raleigh,All In,1711474237,2023-11-10,2023-11-10,1,0,0.0,False,True
Raleigh,Holding On,1711474240,2023-11-10,2023-11-10,1,0,0.0,False,True
Raleigh,Easy,1711474241,2023-11-10,2023-11-10,1,0,0.0,False,True
Saint George's,What Home Is,1711474234,2023-11-10,2023-11-10,1,0,0.0,False,True
Saint George's,Cycles,1711474233,2023-11-10,2023-11-10,1,0,0.0,False,True
Saint George's,Kid,1711474235,2023-11-10,2023-11-10,1,0,0.0,False,True
Saint George's,The Way That It Was,1711474242,2023-11-10,2023-11-10,1,0,0.0,False,True
Saint George's,Slipping Away,1711474243,2023-11-10,2023-11-10,1,0,0.0,False,True
Saint George's,Crash,1711474239,2023-11-10,2023-11-10,1,0,0.0,False,True
Saint George's,All In,1711474237,2023-11-10,2023-11-10,1,0,0.0,False,True
Saint George's,Holding On,1711474240,2023-11-10,2023-11-10,1,0,0.0,False,True
Saint George's,Easy,1711474241,2023-11-10,2023-11-10,1,0,0.0,False,True
South Bend,The Way That It Was,1711474242,2023-11-10,2023-11-10,1,0,0.0,False,True
South Bend,Holding On,1711474240,2023-11-10,2023-11-10,2,0,0.0,False,True
South Bend,Easy,1711474241,2023-11-10,2023-11-10,1,0,0.0,False,True
Bend,Althea,1748029276,2024-06-21,2025-03-14,1,0,38.0,False,False
Bend,That Thing,1807227251,2025-03-21,2025-03-21,1,0,0.0,False,True
Fort Worth,Althea,1748029276,2024-06-21,2025-01-31,1,0,32.0,False,False
Fort Worth,That Thing,1807227251,2025-03-21,2025-03-21,2,0,0.0,False,True
Fort Worth,Easy,1711474241,2023-11-10,2023-12-01,1,0,3.0,False,False
Fort Worth,Kid,1711474235,2023-11-10,2024-06-14,3,0,31.0,False,False
Fort Worth,All In,1711474237,2023-11-10,2024-06-14,1,0,31.0,False,False
Fort Worth,What Home Is,1711474234,2023-11-10,2024-06-14,2,0,31.0,False,False
Milan,Althea,1748029276,2024-06-21,2024-06-21,1,0,0.0,False,True
Omaha,Althea,1748029276,2024-06-21,2024-06-21,7,0,0.0,False,True
Omaha,Kid,1711474235,2023-11-10,2024-06-14,1,0,31.0,False,False
Omaha,What Home Is,1711474234,2023-11-10,2024-06-14,2,0,31.0,False,False
San Francisco,Althea,1748029276,2024-06-21,2024-06-21,6,0,0.0,False,True
San Francisco,That Thing,1807227251,2025-03-21,2025-04-11,4,0,3.0,False,False
Bridgeport,What Home Is,1711474234,2023-11-10,2024-06-07,1,0,30.0,False,False
Bridgeport,Cycles,1711474233,2023-11-10,2025-03-07,2,0,69.0,False,False
Bridgeport,The Way That It Was,1711474242,2023-11-10,2024-03-22,1,0,19.0,False,False
Bridgeport,Slipping Away,1711474243,2023-11-10,2024-03-22,1,0,19.0,False,False
Bridgeport,Crash,1711474239,2023-11-10,2024-03-22,2,0,19.0,False,False
Madison,That Thing,1807227251,2025-03-21,2025-03-21,1,0,0.0,False,True
Madison,Althea,1748029276,2024-06-21,2024-06-21,2,0,0.0,False,True
Porto,What Home Is,1711474234,2023-11-10,2025-03-14,1,0,70.0,False,False
Porto,All In,1711474237,2023-11-10,2025-03-14,1,0,70.0,False,False
Haifa,Easy,1711474241,2023-11-10,2024-05-17,1,0,27.0,False,False
Haifa,Slipping Away,1711474243,2023-11-10,2024-05-17,1,0,27.0,False,False
Haifa,All In,1711474237,2023-11-10,2024-05-17,1,0,27.0,False,False
Haifa,Kid,1711474235,2023-11-10,2024-05-17,1,0,27.0,False,False
Haifa,Holding On,1711474240,2023-11-10,2024-05-17,1,0,27.0,False,False
Haifa,The Way That It Was,1711474242,2023-11-10,2024-05-17,1,0,27.0,False,False
Haifa,What Home Is,1711474234,2023-11-10,2024-05-17,1,0,27.0,False,False
Haifa,Crash,1711474239,2023-11-10,2024-05-17,1,0,27.0,False,False
Rochester,What Home Is,1711474234,2023-11-10,2023-11-10,1,0,0.0,False,True
Rochester,Cycles,1711474233,2023-11-10,2023-11-17,1,0,1.0,False,False
Rochester,That Thing,1807227251,2025-03-21,2025-03-28,6,0,1.0,False,False
Rochester,Althea,1748029276,2024-06-21,2024-06-21,1,0,,True,False
Rochester,Breaking Me Down,1807227249,2025-04-25,2025-05-02,1,0,1.0,False,False
Rochester,Holding On,1711474240,2023-11-10,2023-11-10,1,0,0.0,False,True
Tacoma,That Thing,1807227251,2025-03-21,2025-04-04,3,0,2.0,False,False
Tacoma,Althea,1748029276,2024-06-21,2024-06-21,5,0,0.0,False,True
Asheville,That Thing,1807227251,2025-03-21,2025-03-28,3,0,1.0,False,False
Brisbane,Althea,1748029276,2024-06-21,2024-06-21,2,0,0.0,False,True
Brisbane,That Thing,1807227251,2025-03-21,2025-03-28,2,0,1.0,False,False
Cape Coral,Cycles,1711474233,2023-11-10,2024-03-22,1,0,19.0,False,False
Cape Coral,The Way That It Was,1711474242,2023-11-10,2024-03-22,1,0,19.0,False,False
Cape Coral,That Thing,1807227251,2025-03-21,2025-03-28,7,0,1.0,False,False
Cape Coral,Breaking Me Down,1807227249,2025-04-25,2025-05-02,1,0,1.0,False,False
Christchurch,That Thing,1807227251,2025-03-21,2025-03-28,2,0,1.0,False,False
Cleveland,That Thing,1807227251,2025-03-21,2025-03-28,3,0,1.0,False,False
Cleveland,Althea,1748029276,2024-06-21,2024-06-21,1,0,0.0,False,True
Columbus,That Thing,1807227251,2025-03-21,2025-03-21,2,0,0.0,False,True
Columbus,Althea,1748029276,2024-06-21,2024-06-21,5,0,0.0,False,True
Kelowna,Althea,1748029276,2024-06-21,2024-07-12,1,0,3.0,False,False
Kelowna,That Thing,1807227251,2025-03-21,2025-03-28,2,0,1.0,False,False
Lansing,That Thing,1807227251,2025-03-21,2025-03-28,2,0,1.0,False,False
Lansing,Althea,1748029276,2024-06-21,2024-07-12,2,0,3.0,False,False
Mesa,That Thing,1807227251,2025-03-21,2025-03-28,3,0,1.0,False,False
Mesa,Althea,1748029276,2024-06-21,2024-06-21,1,0,0.0,False,True
Sacramento,What Home Is,1711474234,2023-11-10,2023-11-17,2,0,1.0,False,False
Sacramento,That Thing,1807227251,2025-03-21,2025-04-25,4,0,5.0,False,False
Sacramento,Cycles,1711474233,2023-11-10,2023-11-17,2,0,1.0,False,False
Sacramento,The Way That It Was,1711474242,2023-11-10,2023-11-17,1,0,1.0,False,False
Sacramento,Holding On,1711474240,2023-11-10,2023-11-17,1,0,1.0,False,False
Sacramento,All In,1711474237,2023-11-10,2023-11-17,1,0,1.0,False,False
Sacramento,Althea,1748029276,2024-06-21,2024-06-21,6,0,0.0,False,True
Sacramento,Slipping Away,1711474243,2023-11-10,2023-11-17,1,0,1.0,False,False
Sacramento,Crash,1711474239,2023-11-10,2023-11-17,1,0,1.0,False,False
Sacramento,Kid,1711474235,2023-11-10,2025-04-18,1,0,75.0,False,False
Wichita,That Thing,1807227251,2025-03-21,2025-03-28,3,0,1.0,False,False
Wichita,Althea,1748029276,2024-06-21,2024-06-21,3,0,0.0,False,True
Wilmington,Althea,1748029276,2024-06-21,2024-07-12,3,0,3.0,False,False
Wilmington,That Thing,1807227251,2025-03-21,2025-04-11,2,0,3.0,False,False
Auckland,That Thing,1807227251,2025-03-21,2025-04-18,1,0,4.0,False,False
Auckland,Althea,1748029276,2024-06-21,2024-07-12,0,0,,True,False
Bakersfield,That Thing,1807227251,2025-03-21,2025-03-28,1,0,1.0,False,False
Barnstable,Althea,1748029276,2024-06-21,2024-07-12,1,0,3.0,False,False
Barnstable,That Thing,1807227251,2025-03-21,2025-03-28,3,0,1.0,False,False
Bayonne,That Thing,1807227251,2025-03-21,2025-03-28,1,0,1.0,False,False
Bemidji,That Thing,1807227251,2025-03-21,2025-03-28,1,0,1.0,False,False
Boise,That Thing,1807227251,2025-03-21,2025-03-21,1,0,0.0,False,True
Boise,Althea,1748029276,2024-06-21,2024-06-21,4,0,0.0,False,True
Bordeaux,That Thing,1807227251,2025-03-21,2025-03-28,1,0,1.0,False,False
Boulder,Althea,1748029276,2024-06-21,2024-06-21,4,0,,True,False
Boulder,That Thing,1807227251,2025-03-21,2025-03-28,1,0,1.0,False,False
Cape Town,That Thing,1807227251,2025-03-21,2025-04-11,2,0,3.0,False,False
Cape Town,Althea,1748029276,2024-06-21,2024-06-21,2,0,0.0,False,True
Charleroi,That Thing,1807227251,2025-03-21,2025-03-28,1,0,1.0,False,False
Charleston,Crash,1711474239,2023-11-10,2024-11-08,1,0,52.0,False,False
Charleston,Althea,1748029276,2024-06-21,2024-06-21,1,0,,True,False
Charleston,Easy,1711474241,2023-11-10,2024-11-08,1,0,52.0,False,False
Charleston,Holding On,1711474240,2023-11-10,2024-11-08,1,0,52.0,False,False
Charleston,That Thing,1807227251,2025-03-21,2025-03-28,3,0,1.0,False,False
Chowchilla,That Thing,1807227251,2025-03-21,2025-03-28,1,0,1.0,False,False
Circleville,That Thing,1807227251,2025-03-21,2025-03-28,1,0,1.0,False,False
Cookeville,That Thing,1807227251,2025-03-21,2025-03-21,1,0,0.0,False,True
Crawfordsville,That Thing,1807227251,2025-03-21,2025-03-28,1,0,1.0,False,False
Dublin,That Thing,1807227251,2025-03-21,2025-04-11,1,0,3.0,False,False
Dublin,Althea,1748029276,2024-06-21,2024-08-16,1,0,8.0,False,False
Edinburgh,Althea,1748029276,2024-06-21,2024-07-26,1,0,5.0,False,False
Fort Wayne,That Thing,1807227251,2025-03-21,2025-03-28,1,0,1.0,False,False
Frankfurt Am Main,Althea,1748029276,2024-06-21,2024-06-21,7,0,0.0,False,True
Frankfurt Am Main,Cycles,1711474233,2023-11-10,2024-06-21,1,0,32.0,False,False
Frankfurt Am Main,That Thing,1807227251,2025-03-21,2025-03-28,1,0,1.0,False,False
Gastonia,Althea,1748029276,2024-06-21,2024-06-21,1,0,0.0,False,True
Gastonia,That Thing,1807227251,2025-03-21,2025-04-25,1,0,5.0,False,False
Gordon,That Thing,1807227251,2025-03-21,2025-04-11,1,0,3.0,False,False
Hendersonville,That Thing,1807227251,2025-03-21,2025-03-28,2,0,1.0,False,False
Jacksonville,Althea,1748029276,2024-06-21,2024-06-21,14,0,0.0,False,True
Jacksonville,Breaking Me Down,1807227249,2025-04-25,2025-05-02,1,0,1.0,False,False
Jacksonville,That Thing,1807227251,2025-03-21,2025-03-28,1,0,1.0,False,False
Joliette,That Thing,1807227251,2025-03-21,2025-03-28,1,0,1.0,False,False
Kaohsiung,That Thing,1807227251,2025-03-21,2025-03-28,2,0,1.0,False,False
Kaohsiung,Althea,1748029276,2024-06-21,2024-07-12,0,0,,True,False
Knoxville,Althea,1748029276,2024-06-21,2024-11-01,1,0,19.0,False,False
Knoxville,That Thing,1807227251,2025-03-21,2025-04-18,1,0,4.0,False,False
Lake Butler,That Thing,1807227251,2025-03-21,2025-03-28,1,0,1.0,False,False
Lausanne,That Thing,1807227251,2025-03-21,2025-03-21,2,0,0.0,False,True
Lausanne,Althea,1748029276,2024-06-21,2024-08-16,3,0,8.0,False,False
Leesburg,What Home Is,1711474234,2023-11-10,2023-11-10,1,0,0.0,False,True
Leesburg,Cycles,1711474233,2023-11-10,2023-11-10,1,0,0.0,False,True
Leesburg,Slipping Away,1711474243,2023-11-10,2023-11-10,1,0,0.0,False,True
Leesburg,Crash,1711474239,2023-11-10,2023-11-10,1,0,0.0,False,True
Leesburg,That Thing,1807227251,2025-03-21,2025-03-28,1,0,1.0,False,False
Leesburg,All In,1711474237,2023-11-10,2023-11-10,1,0,0.0,False,True
Leuven,That Thing,1807227251,2025-03-21,2025-03-28,1,0,1.0,False,False
Lexington-Fayette,That Thing,1807227251,2025-03-21,2025-03-28,1,0,1.0,False,False
Los Mochis,That Thing,1807227251,2025-03-21,2025-03-28,1,0,1.0,False,False
Lubbock,That Thing,1807227251,2025-03-21,2025-03-21,2,0,0.0,False,True
Lubbock,Althea,1748029276,2024-06-21,2024-07-12,0,0,,True,False
Melbourne,Althea,1748029276,2024-06-21,2024-07-12,3,0,3.0,False,False
Melbourne,That Thing,1807227251,2025-03-21,2025-04-11,1,0,3.0,False,False
Memphis,Althea,1748029276,2024-06-21,2024-06-21,1,0,0.0,False,True
Memphis,Breaking Me Down,1807227249,2025-04-25,2025-05-02,1,0,1.0,False,False
Memphis,That Thing,1807227251,2025-03-21,2025-03-28,1,0,1.0,False,False
Minato,That Thing,1807227251,2025-03-21,2025-03-28,1,0,1.0,False,False
Montgomery,Althea,1748029276,2024-06-21,2024-06-21,1,0,,True,False
Montgomery,That Thing,1807227251,2025-03-21,2025-03-28,1,0,1.0,False,False
Newmarket,Althea,1748029276,2024-06-21,2024-07-12,1,0,3.0,False,False
Newmarket,That Thing,1807227251,2025-03-21,2025-03-28,1,0,1.0,False,False
Oak Harbor,Breaking Me Down,1807227249,2025-04-25,2025-05-02,1,0,1.0,False,False
Oak Harbor,That Thing,1807227251,2025-03-21,2025-03-28,1,0,1.0,False,False
Oldenburg,Althea,1748029276,2024-06-21,2024-06-21,1,0,,True,False
Oldenburg,That Thing,1807227251,2025-03-21,2025-03-28,1,0,1.0,False,False
Ottawa,That Thing,1807227251,2025-03-21,2025-03-21,1,0,0.0,False,True
Ottawa,Crash,1711474239,2023-11-10,2023-12-15,1,0,5.0,False,False
Ottawa,The Way That It Was,1711474242,2023-11-10,2023-12-15,1,0,5.0,False,False
Ottawa,All In,1711474237,2023-11-10,2023-12-15,1,0,5.0,False,False
Ottawa,Althea,1748029276,2024-06-21,2024-06-21,1,0,,True,False
Ottawa,What Home Is,1711474234,2023-11-10,2023-12-15,1,0,5.0,False,False
Ottawa,Easy,1711474241,2023-11-10,2023-12-15,1,0,5.0,False,False
Ottawa,Cycles,1711474233,2023-11-10,2023-12-15,1,0,5.0,False,False
Ottawa,Holding On,1711474240,2023-11-10,2023-12-15,1,0,5.0,False,False
Ottawa,Kid,1711474235,2023-11-10,2023-12-15,1,0,5.0,False,False
Phoenix,That Thing,1807227251,2025-03-21,2025-04-11,2,0,3.0,False,False
Phoenix,The Way That It Was,1711474242,2023-11-10,2025-04-25,1,0,76.0,False,False
Phoenix,Althea,1748029276,2024-06-21,2024-06-21,8,0,0.0,False,True
Phoenix,Slipping Away,1711474243,2023-11-10,2025-04-25,1,0,76.0,False,False
Phoenix,Breaking Me Down,1807227249,2025-04-25,2025-04-25,1,0,0.0,False,True
Phoenix,Holding On,1711474240,2023-11-10,2025-04-25,1,0,76.0,False,False
Phoenix,Easy,1711474241,2023-11-10,2025-04-25,1,0,76.0,False,False
Phoenix,What Home Is,1711474234,2023-11-10,2024-06-21,1,0,32.0,False,False
Port Saint Lucie,That Thing,1807227251,2025-03-21,2025-03-28,1,0,1.0,False,False
Poznań,Althea,1748029276,2024-06-21,2024-07-12,1,0,3.0,False,False
Poznań,That Thing,1807227251,2025-03-21,2025-03-28,1,0,1.0,False,False
Québec,That Thing,1807227251,2025-03-21,2025-03-28,3,0,1.0,False,False
Red Deer,Althea,1748029276,2024-06-21,2024-08-23,2,0,9.0,False,False
Red Deer,That Thing,1807227251,2025-03-21,2025-03-28,1,0,1.0,False,False
Richmond,Althea,1748029276,2024-06-21,2024-06-21,1,0,0.0,False,True
Richmond,Cycles,1711474233,2023-11-10,2025-02-07,1,0,65.0,False,False
Richmond,That Thing,1807227251,2025-03-21,2025-04-11,1,0,3.0,False,False
Richmond,Holding On,1711474240,2023-11-10,2024-08-16,1,0,40.0,False,False
San Luis Obispo,That Thing,1807227251,2025-03-21,2025-04-11,1,0,3.0,False,False
Sarasota,That Thing,1807227251,2025-03-21,2025-03-21,4,0,0.0,False,True
Sheridan,That Thing,1807227251,2025-03-21,2025-03-28,1,0,1.0,False,False
Stuttgart,Althea,1748029276,2024-06-21,2024-06-21,1,0,,True,False
Stuttgart,That Thing,1807227251,2025-03-21,2025-03-28,1,0,1.0,False,False
Taichung,Althea,1748029276,2024-06-21,2024-08-09,1,0,7.0,False,False
Taichung,That Thing,1807227251,2025-03-21,2025-03-28,1,0,1.0,False,False
Tampa,That Thing,1807227251,2025-03-21,2025-03-21,8,0,0.0,False,True
Tampa,Althea,1748029276,2024-06-21,2024-07-12,2,0,3.0,False,False
Thành Phố Uông Bí,That Thing,1807227251,2025-03-21,2025-03-28,1,0,1.0,False,False
Tijuana,That Thing,1807227251,2025-03-21,2025-04-18,1,0,4.0,False,False
Tijuana,Cycles,1711474233,2023-11-10,2024-11-15,1,0,53.0,False,False
Timmins,That Thing,1807227251,2025-03-21,2025-03-28,1,0,1.0,False,False
Uvalde,That Thing,1807227251,2025-03-21,2025-03-28,1,0,1.0,False,False
Vienna,That Thing,1807227251,2025-03-21,2025-03-21,1,0,0.0,False,True
Vienna,Althea,1748029276,2024-06-21,2024-06-21,2,0,0.0,False,True
Winkler,Althea,1748029276,2024-06-21,2024-11-01,1,0,19.0,False,False
Winkler,That Thing,1807227251,2025-03-21,2025-03-28,1,0,1.0,False,False
Zürich,Cycles,1711474233,2023-11-10,2023-12-29,1,0,7.0,False,False
Zürich,Althea,1748029276,2024-06-21,2024-07-12,1,0,3.0,False,False
Zürich,That Thing,1807227251,2025-03-21,2025-04-11,1,0,3.0,False,False
Akron,That Thing,1807227251,2025-03-21,2025-03-21,1,0,0.0,False,True
Akron,Althea,1748029276,2024-06-21,2024-06-21,1,0,0.0,False,True
Anchorage,That Thing,1807227251,2025-03-21,2025-03-21,1,0,0.0,False,True
Anchorage,Althea,1748029276,2024-06-21,2024-06-21,2,0,0.0,False,True
Ann Arbor,That Thing,1807227251,2025-03-21,2025-03-21,1,0,0.0,False,True
Ashland,That Thing,1807227251,2025-03-21,2025-03-21,1,0,0.0,False,True
Ashland,Althea,1748029276,2024-06-21,2024-06-21,1,0,,True,False
Bay Harbor,That Thing,1807227251,2025-03-21,2025-03-21,1,0,0.0,False,True
Bellingham,That Thing,1807227251,2025-03-21,2025-03-21,2,0,0.0,False,True
Bellingham,Althea,1748029276,2024-06-21,2024-11-08,1,0,20.0,False,False
Billings,Cycles,1711474233,2023-11-10,2024-06-28,1,0,33.0,False,False
Billings,That Thing,1807227251,2025-03-21,2025-03-28,3,0,1.0,False,False
Billings,Althea,1748029276,2024-06-21,2024-08-23,1,0,9.0,False,False
Billings,The Way That It Was,1711474242,2023-11-10,2024-01-19,2,0,10.0,False,False
Bogotá,That Thing,1807227251,2025-03-21,2025-03-21,1,0,0.0,False,True
Buffalo,That Thing,1807227251,2025-03-21,2025-03-21,2,0,0.0,False,True
Buffalo,Althea,1748029276,2024-06-21,2024-07-12,2,0,3.0,False,False
Cadillac,That Thing,1807227251,2025-03-21,2025-03-21,1,0,0.0,False,True
Canton,That Thing,1807227251,2025-03-21,2025-03-21,1,0,0.0,False,True
Cardiff,That Thing,1807227251,2025-03-21,2025-03-21,1,0,0.0,False,True
Cardiff,Althea,1748029276,2024-06-21,2024-07-12,1,0,3.0,False,False
Chon Buri,That Thing,1807227251,2025-03-21,2025-03-21,1,0,0.0,False,True
Columbia,That Thing,1807227251,2025-03-21,2025-03-21,1,0,0.0,False,True
Columbia,Althea,1748029276,2024-06-21,2024-07-12,0,0,,True,False
Dayton,That Thing,1807227251,2025-03-21,2025-03-21,1,0,0.0,False,True
Dayton,Althea,1748029276,2024-06-21,2024-07-12,0,0,,True,False
Düsseldorf,That Thing,1807227251,2025-03-21,2025-03-21,1,0,0.0,False,True
Düsseldorf,Althea,1748029276,2024-06-21,2024-06-21,1,0,0.0,False,True
Eau Claire,That Thing,1807227251,2025-03-21,2025-03-21,1,0,0.0,False,True
Eau Claire,Althea,1748029276,2024-06-21,2024-11-29,1,0,23.0,False,False
Eugene,That Thing,1807227251,2025-03-21,2025-03-21,1,0,0.0,False,True
Fremont,That Thing,1807227251,2025-03-21,2025-03-21,1,0,0.0,False,True
Fremont,Althea,1748029276,2024-06-21,2024-07-12,1,0,3.0,False,False
Fukuoka,That Thing,1807227251,2025-03-21,2025-03-21,1,0,0.0,False,True
Glenwood Springs,That Thing,1807227251,2025-03-21,2025-03-21,1,0,0.0,False,True
Havelock,That Thing,1807227251,2025-03-21,2025-03-21,1,0,0.0,False,True
Helena,That Thing,1807227251,2025-03-21,2025-03-21,1,0,0.0,False,True
Helena,Althea,1748029276,2024-06-21,2024-11-01,1,0,19.0,False,False
Johnstown,That Thing,1807227251,2025-03-21,2025-03-21,1,0,0.0,False,True
Johnstown,Althea,1748029276,2024-06-21,2024-06-21,1,0,0.0,False,True
Kalispell,That Thing,1807227251,2025-03-21,2025-03-21,1,0,0.0,False,True
Kalispell,Althea,1748029276,2024-06-21,2024-06-21,1,0,,True,False
Lancaster,That Thing,1807227251,2025-03-21,2025-03-21,1,0,0.0,False,True
Lancaster,Althea,1748029276,2024-06-21,2024-07-12,0,0,,True,False
Lincoln,That Thing,1807227251,2025-03-21,2025-03-21,2,0,0.0,False,True
Linz,That Thing,1807227251,2025-03-21,2025-03-21,1,0,0.0,False,True
Linz,Althea,1748029276,2024-06-21,2024-11-08,1,0,20.0,False,False
Little Rock,Althea,1748029276,2024-06-21,2024-06-21,1,0,,True,False
Little Rock,That Thing,1807227251,2025-03-21,2025-03-28,1,0,1.0,False,False
Lynchburg,That Thing,1807227251,2025-03-21,2025-03-28,1,0,1.0,False,False
Monterrey,That Thing,1807227251,2025-03-21,2025-03-21,1,0,0.0,False,True
Monterrey,Althea,1748029276,2024-06-21,2024-06-21,1,0,0.0,False,True
New Orleans,That Thing,1807227251,2025-03-21,2025-03-21,1,0,0.0,False,True
New Orleans,What Home Is,1711474234,2023-11-10,2024-03-22,2,0,19.0,False,False
New Orleans,Cycles,1711474233,2023-11-10,2024-03-22,2,0,19.0,False,False
New Orleans,Althea,1748029276,2024-06-21,2024-06-21,6,0,0.0,False,True
New Orleans,Slipping Away,1711474243,2023-11-10,2024-06-21,1,0,32.0,False,False
New Orleans,Breaking Me Down,1807227249,2025-04-25,2025-05-09,1,0,,True,False
New Orleans,All In,1711474237,2023-11-10,2024-06-21,1,0,32.0,False,False
New Orleans,Crash,1711474239,2023-11-10,2024-03-22,1,0,19.0,False,False
Newport News,That Thing,1807227251,2025-03-21,2025-03-21,1,0,0.0,False,True
Newport News,Althea,1748029276,2024-06-21,2024-08-23,1,0,9.0,False,False
Ogden,That Thing,1807227251,2025-03-21,2025-03-21,1,0,0.0,False,True
Ogden,Althea,1748029276,2024-06-21,2024-06-21,1,0,,True,False
Olean,That Thing,1807227251,2025-03-21,2025-03-21,1,0,0.0,False,True
Oshawa,That Thing,1807227251,2025-03-21,2025-03-21,1,0,0.0,False,True
Penticton,That Thing,1807227251,2025-03-21,2025-03-21,2,0,0.0,False,True
Portsmouth,That Thing,1807227251,2025-03-21,2025-03-21,1,0,0.0,False,True
Prince George,That Thing,1807227251,2025-03-21,2025-03-21,1,0,0.0,False,True
Redding,Althea,1748029276,2024-06-21,2025-03-21,1,0,39.0,False,False
Redding,That Thing,1807227251,2025-03-21,2025-05-02,1,0,6.0,False,False
Regina,That Thing,1807227251,2025-03-21,2025-03-21,1,0,0.0,False,True
Regina,Althea,1748029276,2024-06-21,2024-11-08,1,0,20.0,False,False
Rock Hill,That Thing,1807227251,2025-03-21,2025-03-21,1,0,0.0,False,True
Rodez,That Thing,1807227251,2025-03-21,2025-03-21,1,0,0.0,False,True
Rome,Althea,1748029276,2024-06-21,2025-03-21,1,0,39.0,False,False
Sandpoint,That Thing,1807227251,2025-03-21,2025-03-21,1,0,0.0,False,True
Sapporo,That Thing,1807227251,2025-03-21,2025-03-21,1,0,0.0,False,True
Saskatoon,That Thing,1807227251,2025-03-21,2025-03-21,2,0,0.0,False,True
Saskatoon,Althea,1748029276,2024-06-21,2024-11-08,1,0,20.0,False,False
Star Valley Ranch,That Thing,1807227251,2025-03-21,2025-03-21,1,0,0.0,False,True
Stonecrest,That Thing,1807227251,2025-03-21,2025-03-21,1,0,0.0,False,True
Taipei,That Thing,1807227251,2025-03-21,2025-03-21,1,0,0.0,False,True
Taipei,All In,1711474237,2023-11-10,2024-05-31,1,0,29.0,False,False
Taipei,Althea,1748029276,2024-06-21,2024-06-21,3,0,0.0,False,True
Tallinn,That Thing,1807227251,2025-03-21,2025-03-21,1,0,0.0,False,True
Tallinn,Althea,1748029276,2024-06-21,2024-06-21,1,0,,True,False
The Woodlands,That Thing,1807227251,2025-03-21,2025-03-21,2,0,0.0,False,True
The Woodlands,Breaking Me Down,1807227249,2025-04-25,2025-04-25,2,0,0.0,False,True
Traverse City,That Thing,1807227251,2025-03-21,2025-03-21,1,0,0.0,False,True
Tucson,That Thing,1807227251,2025-03-21,2025-03-21,1,0,0.0,False,True
Tulsa,That Thing,1807227251,2025-03-21,2025-03-21,4,0,0.0,False,True
Tulsa,Althea,1748029276,2024-06-21,2024-06-21,3,0,0.0,False,True
Tulsa,Cycles,1711474233,2023-11-10,2024-11-08,1,0,52.0,False,False
Victoria,That Thing,1807227251,2025-03-21,2025-03-21,3,0,0.0,False,True
Watertown,That Thing,1807227251,2025-03-21,2025-03-21,1,0,0.0,False,True
Waukesha,That Thing,1807227251,2025-03-21,2025-03-21,1,0,0.0,False,True
Wausau,That Thing,1807227251,2025-03-21,2025-03-21,1,0,0.0,False,True
Tel Aviv,What Home Is,1711474234,2023-11-10,2024-05-17,1,0,27.0,False,False
Tel Aviv,Cycles,1711474233,2023-11-10,2024-05-17,1,0,27.0,False,False
Tel Aviv,Althea,1748029276,2024-06-21,2024-06-21,2,0,0.0,False,True
Tel Aviv,The Way That It Was,1711474242,2023-11-10,2025-04-04,1,0,73.0,False,False
Tel Aviv,Slipping Away,1711474243,2023-11-10,2024-05-24,1,0,28.0,False,False
Greenville,That Thing,1807227251,2025-03-21,2025-04-11,1,0,3.0,False,False
Greenville,Breaking Me Down,1807227249,2025-04-25,2025-05-02,1,0,1.0,False,False
Greenville,Cycles,1711474233,2023-11-10,2024-07-19,1,0,36.0,False,False
Hong Kong,What Home Is,1711474234,2023-11-10,2023-11-10,1,0,0.0,False,True
Hong Kong,Cycles,1711474233,2023-11-10,2023-11-10,1,0,0.0,False,True
Hong Kong,Kid,1711474235,2023-11-10,2023-11-10,1,0,0.0,False,True
Hong Kong,Breaking Me Down,1807227249,2025-04-25,2025-05-02,1,0,1.0,False,False
Mexico City,What Home Is,1711474234,2023-11-10,2023-11-10,1,0,0.0,False,True
Mexico City,Cycles,1711474233,2023-11-10,2023-11-10,1,0,0.0,False,True
Mexico City,Kid,1711474235,2023-11-10,2023-11-10,1,0,0.0,False,True
Mexico City,Althea,1748029276,2024-06-21,2024-07-12,2,0,3.0,False,False
Mexico City,Crash,1711474239,2023-11-10,2023-11-10,1,0,0.0,False,True
Mexico City,All In,1711474237,2023-11-10,2023-11-10,1,0,0.0,False,True
Mexico City,Holding On,1711474240,2023-11-10,2023-11-10,1,0,0.0,False,True
Venice,What Home Is,1711474234,2023-11-10,2023-11-10,1,0,0.0,False,True
Venice,Cycles,1711474233,2023-11-10,2023-11-10,1,0,0.0,False,True
Venice,Kid,1711474235,2023-11-10,2023-11-10,1,0,0.0,False,True
Lake Jackson,Althea,1748029276,2024-06-21,2024-10-25,1,0,18.0,False,False
Moncton,Althea,1748029276,2024-06-21,2024-06-21,1,0,0.0,False,True
Wenatchee,That Thing,1807227251,2025-03-21,2025-03-21,1,0,0.0,False,True
Winston-Salem,That Thing,1807227251,2025-03-21,2025-03-21,1,0,0.0,False,True
Durango,Cycles,1711474233,2023-11-10,2023-11-10,2,0,0.0,False,True
Durango,Althea,1748029276,2024-06-21,2024-06-21,1,0,0.0,False,True
Fort Collins,Cycles,1711474233,2023-11-10,2023-11-10,1,0,0.0,False,True
Fort Collins,Althea,1748029276,2024-06-21,2024-06-21,3,0,0.0,False,True
Mumbai,What Home Is,1711474234,2023-11-10,2024-03-01,1,0,16.0,False,False
Mumbai,That Thing,1807227251,2025-03-21,2025-04-11,2,0,3.0,False,False
Elkhart,Holding On,1711474240,2023-11-10,2023-11-10,2,0,0.0,False,True
Hammond,Althea,1748029276,2024-06-21,2024-07-12,1,0,3.0,False,False
Hammond,That Thing,1807227251,2025-03-21,2025-04-18,1,0,4.0,False,False
Hammond,Holding On,1711474240,2023-11-10,2023-11-10,1,0,0.0,False,True
Lafayette,Holding On,1711474240,2023-11-10,2023-11-10,1,0,0.0,False,True
Stockton,Althea,1748029276,2024-06-21,2024-09-13,1,0,12.0,False,False
Kyiv,Easy,1711474241,2023-11-10,2024-03-08,1,0,17.0,False,False
Kyiv,Althea,1748029276,2024-06-21,2024-06-21,2,0,0.0,False,True
Kyiv,That Thing,1807227251,2025-03-21,2025-04-11,2,0,3.0,False,False
Jerusalem,The Way That It Was,1711474242,2023-11-10,2024-10-18,1,0,49.0,False,False
Bangkok,Althea,1748029276,2024-06-21,2024-07-12,2,0,3.0,False,False
Bangkok,That Thing,1807227251,2025-03-21,2025-05-02,1,0,6.0,False,False
Honolulu,Althea,1748029276,2024-06-21,2024-06-21,3,0,0.0,False,True
Marseille,Althea,1748029276,2024-06-21,2024-11-29,2,0,23.0,False,False
Prague,Althea,1748029276,2024-06-21,2024-10-04,1,0,15.0,False,False
Prague,That Thing,1807227251,2025-03-21,2025-04-25,1,0,5.0,False,False
Cebu City,Holding On,1711474240,2023-11-10,2024-12-13,1,0,57.0,False,False
Castle Rock,Crash,1711474239,2023-11-10,2023-12-08,1,0,4.0,False,False
Castle Rock,What Home Is,1711474234,2023-11-10,2024-02-09,1,0,13.0,False,False
Castle Rock,Althea,1748029276,2024-06-21,2025-01-24,1,0,31.0,False,False
Castle Rock,Easy,1711474241,2023-11-10,2023-12-08,1,0,4.0,False,False
Castle Rock,The Way That It Was,1711474242,2023-11-10,2023-12-08,1,0,4.0,False,False
Castle Rock,All In,1711474237,2023-11-10,2023-12-08,1,0,4.0,False,False
Castle Rock,Cycles,1711474233,2023-11-10,2023-12-08,1,0,4.0,False,False
Castle Rock,Slipping Away,1711474243,2023-11-10,2023-12-08,1,0,4.0,False,False
Castle Rock,Holding On,1711474240,2023-11-10,2023-12-08,1,0,4.0,False,False
Castle Rock,Kid,1711474235,2023-11-10,2023-12-08,1,0,4.0,False,False
Danbury,Cycles,1711474233,2023-11-10,2023-11-10,0,0,,True,False
Danbury,What Home Is,1711474234,2023-11-10,2023-11-10,0,0,,True,False
Chongqing,Althea,1748029276,2024-06-21,2024-12-13,1,0,25.0,False,False
Wheeling,Althea,1748029276,2024-06-21,2024-12-13,1,0,25.0,False,False
Montrose,Cycles,1711474233,2023-11-10,2025-02-28,1,0,68.0,False,False
Montrose,Althea,1748029276,2024-06-21,2024-06-21,1,0,,True,False
Montrose,Crash,1711474239,2023-11-10,2025-05-09,1,0,,True,False
Easton,Althea,1748029276,2024-06-21,2025-02-28,1,0,36.0,False,False
Beijing,Althea,1748029276,2024-06-21,2024-07-12,12,0,3.0,False,False
Shanghai,Althea,1748029276,2024-06-21,2024-07-12,7,0,3.0,False,False
Guangzhou,Althea,1748029276,2024-06-21,2024-07-12,3,0,3.0,False,False
Nanjing,Althea,1748029276,2024-06-21,2024-07-12,2,0,3.0,False,False
New Haven,Althea,1748029276,2024-06-21,2024-07-19,2,0,4.0,False,False
New Haven,That Thing,1807227251,2025-03-21,2025-04-11,1,0,3.0,False,False
San Juan,Althea,1748029276,2024-06-21,2024-07-12,2,0,3.0,False,False
Warsaw,Althea,1748029276,2024-06-21,2024-07-12,2,0,3.0,False,False
Warsaw,Breaking Me Down,1807227249,2025-04-25,2025-05-09,4,0,,True,False
Aberdeen,Althea,1748029276,2024-06-21,2024-07-12,1,0,3.0,False,False
Albany,Althea,1748029276,2024-06-21,2024-06-21,1,0,0.0,False,True
Athens,Althea,1748029276,2024-06-21,2024-07-12,1,0,3.0,False,False
Auburn,Althea,1748029276,2024-06-21,2024-06-21,1,0,0.0,False,True
Bozeman,Althea,1748029276,2024-06-21,2024-06-21,1,0,0.0,False,True
Bridgewater,Althea,1748029276,2024-06-21,2024-06-21,2,0,0.0,False,True
Bristol,Althea,1748029276,2024-06-21,2024-07-12,1,0,3.0,False,False
Budapest,Althea,1748029276,2024-06-21,2024-06-21,3,0,0.0,False,True
Busan,Althea,1748029276,2024-06-21,2024-07-12,1,0,3.0,False,False
Coos Bay,Althea,1748029276,2024-06-21,2024-07-12,1,0,3.0,False,False
Dale City,Althea,1748029276,2024-06-21,2024-07-12,1,0,3.0,False,False
Edison,Althea,1748029276,2024-06-21,2024-07-12,1,0,3.0,False,False
Edison,Breaking Me Down,1807227249,2025-04-25,2025-05-02,1,0,1.0,False,False
Elgin,Althea,1748029276,2024-06-21,2024-08-02,2,0,6.0,False,False
Guadalajara,Althea,1748029276,2024-06-21,2024-07-12,1,0,3.0,False,False
Guayaquil,Althea,1748029276,2024-06-21,2024-07-12,1,0,3.0,False,False
Hamburg,Holding On,1711474240,2023-11-10,2024-03-15,1,0,18.0,False,False
Hamburg,Althea,1748029276,2024-06-21,2024-06-21,3,0,0.0,False,True
Hangzhou,Althea,1748029276,2024-06-21,2024-07-12,1,0,3.0,False,False
Hanoi,Althea,1748029276,2024-06-21,2024-11-08,2,0,20.0,False,False
Hanoi,That Thing,1807227251,2025-03-21,2025-04-11,2,0,3.0,False,False
Hawthorne,Althea,1748029276,2024-06-21,2024-07-12,1,0,3.0,False,False
Istanbul,Althea,1748029276,2024-06-21,2024-07-12,1,0,3.0,False,False
Janesville,Althea,1748029276,2024-06-21,2024-07-12,1,0,3.0,False,False
Kuala Lumpur,Althea,1748029276,2024-06-21,2024-06-21,1,0,0.0,False,True
Lebanon,Althea,1748029276,2024-06-21,2024-07-12,1,0,3.0,False,False
Lima,Althea,1748029276,2024-06-21,2024-07-26,3,0,5.0,False,False
Manchester,Althea,1748029276,2024-06-21,2024-07-12,1,0,3.0,False,False
Manchester,That Thing,1807227251,2025-03-21,2025-04-11,3,0,3.0,False,False
Mililani Town,Althea,1748029276,2024-06-21,2024-06-21,2,0,0.0,False,True
Moscow,Althea,1748029276,2024-06-21,2024-08-02,1,0,6.0,False,False
Muscatine,Althea,1748029276,2024-06-21,2024-07-12,1,0,3.0,False,False
Newbury,Althea,1748029276,2024-06-21,2024-07-12,1,0,3.0,False,False
Olomouc,Althea,1748029276,2024-06-21,2024-07-12,1,0,3.0,False,False
Oslo,Althea,1748029276,2024-06-21,2024-07-12,1,0,3.0,False,False
Providence,Althea,1748029276,2024-06-21,2024-06-21,2,0,0.0,False,True
Reno,Althea,1748029276,2024-06-21,2024-06-21,1,0,0.0,False,True
Riga,Althea,1748029276,2024-06-21,2024-07-12,1,0,3.0,False,False
Riyadh,Althea,1748029276,2024-06-21,2024-07-12,1,0,3.0,False,False
Rockford,Althea,1748029276,2024-06-21,2024-07-12,1,0,3.0,False,False
Sofia,Althea,1748029276,2024-06-21,2024-07-12,1,0,3.0,False,False
Spartanburg,Althea,1748029276,2024-06-21,2024-06-21,1,0,0.0,False,True
Standish,Althea,1748029276,2024-06-21,2024-07-12,1,0,3.0,False,False
Toledo,Althea,1748029276,2024-06-21,2024-06-21,2,0,0.0,False,True
Ystad,Althea,1748029276,2024-06-21,2024-07-12,1,0,3.0,False,False
Zagreb,Althea,1748029276,2024-06-21,2024-07-12,1,0,3.0,False,False
Alexandria,Althea,1748029276,2024-06-21,2024-07-12,0,0,,True,False
Anderson,Althea,1748029276,2024-06-21,2024-07-12,0,0,,True,False
Aspen,Althea,1748029276,2024-06-21,2024-06-21,1,0,0.0,False,True
Astoria,Althea,1748029276,2024-06-21,2024-07-12,0,0,,True,False
Barcelona,Althea,1748029276,2024-06-21,2024-07-12,0,0,,True,False
Bay City,Althea,1748029276,2024-06-21,2024-07-12,0,0,,True,False
Boone,Althea,1748029276,2024-06-21,2024-07-12,0,0,,True,False
Brunswick,The Way That It Was,1711474242,2023-11-10,2023-12-22,1,0,6.0,False,False
Brunswick,Althea,1748029276,2024-06-21,2024-06-21,1,0,0.0,False,True
Buenos Aires,Althea,1748029276,2024-06-21,2024-07-12,0,0,,True,False
Colombo,Althea,1748029276,2024-06-21,2024-07-12,0,0,,True,False
Copenhagen,Althea,1748029276,2024-06-21,2024-07-12,0,0,,True,False
Courtenay,Althea,1748029276,2024-06-21,2024-07-12,0,0,,True,False
Deyang,Althea,1748029276,2024-06-21,2024-07-12,0,0,,True,False
East Pensacola Heights,Althea,1748029276,2024-06-21,2024-07-12,0,0,,True,False
El Paso,Althea,1748029276,2024-06-21,2024-07-12,0,0,,True,False
Evansville,Althea,1748029276,2024-06-21,2024-07-12,0,0,,True,False
Fairmont,Althea,1748029276,2024-06-21,2024-07-12,1,0,3.0,False,False
Fresno,Holding On,1711474240,2023-11-10,2024-05-24,1,0,28.0,False,False
Fresno,Althea,1748029276,2024-06-21,2024-06-21,2,0,0.0,False,True
Granby,Althea,1748029276,2024-06-21,2024-07-12,0,0,,True,False
Greater Sudbury,Althea,1748029276,2024-06-21,2024-07-12,0,0,,True,False
Hamilton,Althea,1748029276,2024-06-21,2024-07-26,1,0,5.0,False,False
Harrisburg,Althea,1748029276,2024-06-21,2024-11-08,1,0,20.0,False,False
Huntersville,Althea,1748029276,2024-06-21,2024-07-12,0,0,,True,False
Jackson,That Thing,1807227251,2025-03-21,2025-04-11,2,0,3.0,False,False
Jackson,Althea,1748029276,2024-06-21,2024-06-21,1,0,0.0,False,True
Jinan,Althea,1748029276,2024-06-21,2024-07-12,0,0,,True,False
Kraków,Althea,1748029276,2024-06-21,2024-06-21,1,0,0.0,False,True
Kuwait City,Althea,1748029276,2024-06-21,2024-07-12,0,0,,True,False
Lewes,Althea,1748029276,2024-06-21,2024-07-12,0,0,,True,False
Linhai,Althea,1748029276,2024-06-21,2024-07-12,0,0,,True,False
Lyon,Breaking Me Down,1807227249,2025-04-25,2025-05-09,1,0,,True,False
Lyon,Althea,1748029276,2024-06-21,2024-07-12,0,0,,True,False
Manistee,Althea,1748029276,2024-06-21,2024-07-12,0,0,,True,False
Munich,Althea,1748029276,2024-06-21,2024-07-12,0,0,,True,False
Nagu,Althea,1748029276,2024-06-21,2024-07-12,0,0,,True,False
Topeka,Crash,1711474239,2023-11-10,2023-12-08,1,0,4.0,False,False
Topeka,Althea,1748029276,2024-06-21,2024-07-26,2,0,5.0,False,False
Topeka,Easy,1711474241,2023-11-10,2023-12-08,1,0,4.0,False,False
Topeka,The Way That It Was,1711474242,2023-11-10,2023-12-08,1,0,4.0,False,False
Topeka,All In,1711474237,2023-11-10,2023-12-08,1,0,4.0,False,False
Topeka,What Home Is,1711474234,2023-11-10,2023-12-08,1,0,4.0,False,False
Topeka,Cycles,1711474233,2023-11-10,2023-12-08,1,0,4.0,False,False
Topeka,Slipping Away,1711474243,2023-11-10,2023-12-08,1,0,4.0,False,False
Topeka,Holding On,1711474240,2023-11-10,2023-12-08,1,0,4.0,False,False
Topeka,Kid,1711474235,2023-11-10,2023-12-08,1,0,4.0,False,False
Málaga,Althea,1748029276,2024-06-21,2025-01-31,1,0,32.0,False,False
Georgetown,Althea,1748029276,2024-06-21,2024-07-26,1,0,5.0,False,False
Ames,Althea,1748029276,2024-06-21,2024-07-19,1,0,4.0,False,False
Concord,Althea,1748029276,2024-06-21,2024-06-21,2,0,0.0,False,True
Sturgis,Althea,1748029276,2024-06-21,2024-07-19,1,0,4.0,False,False
Selma,That Thing,1807227251,2025-03-21,2025-05-09,1,0,,True,False
Bunbury,That Thing,1807227251,2025-03-21,2025-05-02,1,0,6.0,False,False
Bunbury,Breaking Me Down,1807227249,2025-04-25,2025-05-02,1,0,1.0,False,False
Nanaimo,That Thing,1807227251,2025-03-21,2025-04-25,1,0,5.0,False,False
Victorville,Breaking Me Down,1807227249,2025-04-25,2025-04-25,1,0,0.0,False,True
Victorville,That Thing,1807227251,2025-03-21,2025-04-25,1,0,5.0,False,False
Waldorf,That Thing,1807227251,2025-03-21,2025-04-25,1,0,5.0,False,False
Winter Haven,Althea,1748029276,2024-06-21,2025-04-25,1,0,44.0,False,False
Winnipeg,That Thing,1807227251,2025-03-21,2025-04-04,1,0,2.0,False,False
Perth,Breaking Me Down,1807227249,2025-04-25,2025-05-02,1,0,1.0,False,False
Perth,Althea,1748029276,2024-06-21,2024-08-02,1,0,6.0,False,False
Riverside,That Thing,1807227251,2025-03-21,2025-04-11,1,0,3.0,False,False
Riverside,Althea,1748029276,2024-06-21,2024-06-21,3,0,0.0,False,True
Riverside,Cycles,1711474233,2023-11-10,2025-04-11,1,0,74.0,False,False
Sioux Falls,Althea,1748029276,2024-06-21,2024-06-21,1,0,,True,False
Stamford,Cycles,1711474233,2023-11-10,2023-12-01,1,0,3.0,False,False
Stamford,Kid,1711474235,2023-11-10,2023-12-01,1,0,3.0,False,False
Stamford,Althea,1748029276,2024-06-21,2025-04-04,1,0,41.0,False,False
Katowice,Slipping Away,1711474243,2023-11-10,2024-06-28,1,0,33.0,False,False
Katowice,Cycles,1711474233,2023-11-10,2024-01-26,1,0,11.0,False,False
Saint Cloud,Althea,1748029276,2024-06-21,2025-02-07,1,0,33.0,False,False
Belfast,That Thing,1807227251,2025-03-21,2025-04-04,1,0,2.0,False,False
Luziânia,Althea,1748029276,2024-06-21,2025-02-21,1,0,35.0,False,False
Morgantown,That Thing,1807227251,2025-03-21,2025-04-04,1,0,2.0,False,False
Pécs,That Thing,1807227251,2025-03-21,2025-04-04,1,0,2.0,False,False
Manila,The Way That It Was,1711474242,2023-11-10,2024-08-16,1,0,40.0,False,False
Manila,Slipping Away,1711474243,2023-11-10,2024-08-16,1,0,40.0,False,False
Manila,Althea,1748029276,2024-06-21,2024-08-16,1,0,8.0,False,False
Benoni,That Thing,1807227251,2025-03-21,2025-04-18,5,0,4.0,False,False
Biel/Bienne,That Thing,1807227251,2025-03-21,2025-04-18,1,0,4.0,False,False
Bismarck,That Thing,1807227251,2025-03-21,2025-04-18,1,0,4.0,False,False
Bismarck,Althea,1748029276,2024-06-21,2024-11-01,1,0,19.0,False,False
Blacksburg,That Thing,1807227251,2025-03-21,2025-04-18,1,0,4.0,False,False
Bologna,That Thing,1807227251,2025-03-21,2025-04-18,1,0,4.0,False,False
Bonanza,That Thing,1807227251,2025-03-21,2025-04-18,1,0,4.0,False,False
Fort Lauderdale,That Thing,1807227251,2025-03-21,2025-04-18,1,0,4.0,False,False
Fort Lauderdale,Althea,1748029276,2024-06-21,2024-06-21,1,0,,True,False
Johnson City,That Thing,1807227251,2025-03-21,2025-04-18,1,0,4.0,False,False
Johnson City,Althea,1748029276,2024-06-21,2024-06-21,1,0,,True,False
Lewiston,That Thing,1807227251,2025-03-21,2025-04-18,1,0,4.0,False,False
Queensbury,That Thing,1807227251,2025-03-21,2025-04-18,1,0,4.0,False,False
Quimper,That Thing,1807227251,2025-03-21,2025-04-18,1,0,4.0,False,False
Rexburg,That Thing,1807227251,2025-03-21,2025-04-18,1,0,4.0,False,False
Santa Fe,That Thing,1807227251,2025-03-21,2025-04-18,1,0,4.0,False,False
Santa Fe,Althea,1748029276,2024-06-21,2024-06-21,1,0,,True,False
Tauranga,That Thing,1807227251,2025-03-21,2025-04-18,1,0,4.0,False,False
The Villages,That Thing,1807227251,2025-03-21,2025-04-18,2,0,4.0,False,False
Netanya,Holding On,1711474240,2023-11-10,2024-06-14,1,0,31.0,False,False
Carmel,That Thing,1807227251,2025-03-21,2025-04-11,1,0,3.0,False,False
Durham,That Thing,1807227251,2025-03-21,2025-04-11,1,0,3.0,False,False
Elche,That Thing,1807227251,2025-03-21,2025-04-11,1,0,3.0,False,False
Fort Madison,That Thing,1807227251,2025-03-21,2025-04-11,1,0,3.0,False,False
Frederick,That Thing,1807227251,2025-03-21,2025-04-11,1,0,3.0,False,False
Frederick,Althea,1748029276,2024-06-21,2024-11-22,1,0,22.0,False,False
Heerenveen,That Thing,1807227251,2025-03-21,2025-04-11,1,0,3.0,False,False
Leeds,That Thing,1807227251,2025-03-21,2025-04-11,1,0,3.0,False,False
Loveland,That Thing,1807227251,2025-03-21,2025-04-11,1,0,3.0,False,False
Malmö,That Thing,1807227251,2025-03-21,2025-04-11,1,0,3.0,False,False
Marshalltown,That Thing,1807227251,2025-03-21,2025-04-11,1,0,3.0,False,False
Missoula,That Thing,1807227251,2025-03-21,2025-04-11,1,0,3.0,False,False
Missoula,Althea,1748029276,2024-06-21,2024-06-21,2,0,,True,False
Newburgh,That Thing,1807227251,2025-03-21,2025-04-11,1,0,3.0,False,False
Palma,That Thing,1807227251,2025-03-21,2025-04-11,1,0,3.0,False,False
Provo,That Thing,1807227251,2025-03-21,2025-04-11,1,0,3.0,False,False
Provo,Althea,1748029276,2024-06-21,2024-06-21,2,0,,True,False
Rennes,That Thing,1807227251,2025-03-21,2025-04-11,1,0,3.0,False,False
Sarnia,That Thing,1807227251,2025-03-21,2025-04-11,1,0,3.0,False,False
Sherbrooke,That Thing,1807227251,2025-03-21,2025-04-11,1,0,3.0,False,False
Thousand Oaks,That Thing,1807227251,2025-03-21,2025-04-11,1,0,3.0,False,False
Thousand Oaks,Althea,1748029276,2024-06-21,2024-06-21,1,0,,True,False
Toms River,That Thing,1807227251,2025-03-21,2025-04-11,1,0,3.0,False,False
Toms River,Althea,1748029276,2024-06-21,2024-06-21,1,0,,True,False
Wellington,That Thing,1807227251,2025-03-21,2025-04-11,1,0,3.0,False,False
Ōita,That Thing,1807227251,2025-03-21,2025-04-11,1,0,3.0,False,False
Chengdu,Althea,1748029276,2024-06-21,2024-06-21,1,0,,True,False
Dubai,Cycles,1711474233,2023-11-10,2025-02-14,1,0,66.0,False,False
Fayetteville,Althea,1748029276,2024-06-21,2024-06-21,2,0,,True,False
Great Falls,Althea,1748029276,2024-06-21,2024-06-21,1,0,,True,False
Green Bay,Althea,1748029276,2024-06-21,2024-06-21,1,0,,True,False
Fredericton,All In,1711474237,2023-11-10,2023-12-22,1,0,6.0,False,False
Dortmund,Althea,1748029276,2024-06-21,2024-06-21,2,0,,True,False
Grand Forks,Althea,1748029276,2024-06-21,2024-06-21,2,0,,True,False
Oxnard,Althea,1748029276,2024-06-21,2024-06-21,2,0,,True,False
Samsun,Althea,1748029276,2024-06-21,2024-06-21,2,0,,True,False
Waxahachie,Althea,1748029276,2024-06-21,2024-06-21,2,0,,True,False
Bangor,Althea,1748029276,2024-06-21,2024-06-21,1,0,,True,False
Battle Creek,Althea,1748029276,2024-06-21,2024-06-21,1,0,,True,False
Beaumont,Althea,1748029276,2024-06-21,2024-06-21,1,0,,True,False
Beaver Dam,Althea,1748029276,2024-06-21,2024-06-21,1,0,,True,False
Bedford,Althea,1748029276,2024-06-21,2024-06-21,1,0,,True,False
Bengaluru,Althea,1748029276,2024-06-21,2024-06-21,1,0,,True,False
Binghamton,Althea,1748029276,2024-06-21,2024-06-21,1,0,,True,False
Brentwood,Althea,1748029276,2024-06-21,2024-06-21,1,0,,True,False
Brussels,Althea,1748029276,2024-06-21,2024-06-21,1,0,,True,False
Butler,Althea,1748029276,2024-06-21,2024-06-21,1,0,,True,False
Clarksville,Althea,1748029276,2024-06-21,2024-06-21,1,0,,True,False
Dnipro,Althea,1748029276,2024-06-21,2024-06-21,1,0,,True,False
Elmira,Althea,1748029276,2024-06-21,2024-06-21,1,0,,True,False
Fort Smith,Althea,1748029276,2024-06-21,2024-06-21,1,0,,True,False
Genève,Althea,1748029276,2024-06-21,2024-06-21,1,0,,True,False
Gniezno,Althea,1748029276,2024-06-21,2024-06-21,1,0,,True,False
Goochland,Althea,1748029276,2024-06-21,2024-06-21,1,0,,True,False
Grinnell,Althea,1748029276,2024-06-21,2024-06-21,1,0,,True,False
Hannover,Althea,1748029276,2024-06-21,2024-06-21,1,0,,True,False
Hermosillo,Althea,1748029276,2024-06-21,2024-06-21,1,0,,True,False
Hsinchu,Althea,1748029276,2024-06-21,2024-06-21,1,0,,True,False
Kamloops,Althea,1748029276,2024-06-21,2024-06-21,1,0,,True,False
Kennewick,Althea,1748029276,2024-06-21,2024-06-21,1,0,,True,False
Laramie,Althea,1748029276,2024-06-21,2024-06-21,1,0,,True,False
Luxembourg,Althea,1748029276,2024-06-21,2024-06-21,1,0,,True,False
Medford,Althea,1748029276,2024-06-21,2024-06-21,1,0,,True,False
Milton Keynes,Althea,1748029276,2024-06-21,2024-06-21,1,0,,True,False
New Richmond,Althea,1748029276,2024-06-21,2024-06-21,1,0,,True,False
North Adams,Althea,1748029276,2024-06-21,2024-06-21,1,0,,True,False
Oak Island,Althea,1748029276,2024-06-21,2024-06-21,1,0,,True,False
Parksville,Althea,1748029276,2024-06-21,2024-06-21,1,0,,True,False
Pretoria,Althea,1748029276,2024-06-21,2024-06-21,1,0,,True,False
Quezon City,Althea,1748029276,2024-06-21,2024-06-21,1,0,,True,False
Rouses Point,Althea,1748029276,2024-06-21,2024-06-21,1,0,,True,False
Rumford,Althea,1748029276,2024-06-21,2024-06-21,1,0,,True,False
Saint George,Althea,1748029276,2024-06-21,2024-06-21,1,0,,True,False
Saint Helena,Althea,1748029276,2024-06-21,2024-06-21,1,0,,True,False
Santa Cruz,Althea,1748029276,2024-06-21,2024-06-21,1,0,,True,False
Summerville,Althea,1748029276,2024-06-21,2024-06-21,1,0,,True,False
Terrace,Althea,1748029276,2024-06-21,2024-06-21,1,0,,True,False
Trenton,Althea,1748029276,2024-06-21,2024-06-21,1,0,,True,False
Vernon,Althea,1748029276,2024-06-21,2024-06-21,1,0,,True,False
Vilnius,Althea,1748029276,2024-06-21,2024-06-21,1,0,,True,False
Virginia Beach,Althea,1748029276,2024-06-21,2024-06-21,1,0,,True,False
Kingston,Slipping Away,1711474243,2023-11-10,2025-04-18,1,0,75.0,False,False
Kingston,Cycles,1711474233,2023-11-10,2025-04-18,1,0,75.0,False,False
Orangeville,Cycles,1711474233,2023-11-10,2023-12-15,1,0,5.0,False,False
Cheonan,Breaking Me Down,1807227249,2025-04-25,2025-05-09,1,0,,True,False
Middletown,Breaking Me Down,1807227249,2025-04-25,2025-05-09,1,0,,True,False
Perm,Breaking Me Down,1807227249,2025-04-25,2025-05-09,1,0,,True,False
Baldwin,Althea,1748029276,2024-06-21,2024-08-09,1,0,7.0,False,False
High Point,Althea,1748029276,2024-06-21,2024-08-09,1,0,7.0,False,False
Revelstoke,Althea,1748029276,2024-06-21,2024-08-09,1,0,7.0,False,False
Florence,Althea,1748029276,2024-06-21,2024-08-02,1,0,6.0,False,False
Lincoln City,Althea,1748029276,2024-06-21,2024-08-02,1,0,6.0,False,False
Lake Charles,Althea,1748029276,2024-06-21,2024-08-16,1,0,8.0,False,False
Doncaster,Althea,1748029276,2024-06-21,2024-11-08,1,0,20.0,False,False
Matane,Althea,1748029276,2024-06-21,2024-11-01,2,0,19.0,False,False
Valencia,Althea,1748029276,2024-06-21,2024-11-08,1,0,20.0,False,False
Durban,Althea,1748029276,2024-06-21,2024-11-01,1,0,19.0,False,False
Fond Du Lac,Althea,1748029276,2024-06-21,2024-11-01,1,0,19.0,False,False
Köln,Althea,1748029276,2024-06-21,2024-11-01,1,0,19.0,False,False
Port Clinton,Althea,1748029276,2024-06-21,2024-11-01,2,0,19.0,False,False
Stockholm,Althea,1748029276,2024-06-21,2024-11-01,1,0,19.0,False,False
Yaroslavl,Althea,1748029276,2024-06-21,2024-11-01,2,0,19.0,False,False
Saumur,The Way That It Was,1711474242,2023-11-10,2025-04-18,1,0,75.0,False,False
